"UAAXK0000","UAAXK0000_ORG","UAA","res","x","y"
NA,NA,NA,10000,4710,1430
3050,30,3410,20000,4700,1440
NA,NA,NA,20000,4720,1440
4580,20,5160,20000,4720,1420
NA,NA,NA,1000,6473,1686
70,0,70,5000,6405,1660
20,0,20,5000,6365,1595
NA,NA,NA,5000,6415,1595
1860,120,1860,10000,6410,1660
3870,80,3870,10000,6420,1650
4650,50,4650,10000,6430,1650
980,30,980,10000,6420,1640
1500,100,1510,10000,6430,1640
670,10,670,10000,6420,1630
820,110,830,10000,6430,1630
530,20,540,10000,6420,1620
970,40,970,10000,6430,1620
3230,150,3240,10000,6360,1610
3000,160,3000,10000,6370,1610
1100,30,1100,10000,6380,1610
1920,60,1920,10000,6390,1610
920,40,920,10000,6400,1610
1330,170,1330,10000,6410,1610
1680,50,1700,10000,6360,1600
2620,30,2620,10000,6370,1600
1710,140,1710,10000,6380,1600
2440,100,2440,10000,6390,1600
1030,110,1030,10000,6400,1600
2500,20,2510,10000,6410,1600
1370,30,1370,10000,6370,1590
6880,130,6880,20000,6420,1660
10710,30,10730,20000,6480,1660
110,0,110,20000,6500,1660
10440,470,10450,20000,6400,1640
5910,400,5910,20000,6360,1620
1180,20,1190,20000,6380,1620
3000,110,3020,20000,6400,1620
1020,20,1020,20000,6420,1600
950,120,960,20000,6380,1580
1190,30,1200,40000,6360,1640
35900,2050,35920,40000,6440,1640
4790,160,4790,40000,6320,1600
10670,250,10670,40000,6440,1600
NA,NA,NA,1000,2999,3553
860,0,860,5000,3030,3640
1200,0,1200,5000,3035,3640
120,0,120,10000,3140,3690
640,0,640,10000,3150,3690
1290,0,1290,10000,3150,3680
NA,NA,NA,10000,3120,3350
25820,990,25820,20000,3120,3580
18450,1430,18450,20000,3140,3580
NA,NA,NA,20000,2980,3560
27230,2020,27230,20000,3120,3560
40640,1580,40640,20000,3140,3560
33490,1320,33490,20000,3120,3540
21270,1090,21270,20000,3140,3540
28350,270,28350,20000,3160,3540
26000,370,26000,20000,3180,3540
29840,820,29840,20000,3120,3520
23110,580,23110,20000,3140,3520
28900,650,28900,20000,3160,3520
27110,650,27110,20000,3180,3520
35930,1070,35930,20000,3080,3420
27990,620,27990,20000,3100,3420
41880,550,41880,20000,3080,3400
26840,670,26840,20000,3100,3400
NA,NA,NA,20000,2940,3340
NA,NA,NA,20000,3200,3340
NA,NA,NA,40000,3160,3680
131960,1510,131960,40000,3200,3680
NA,NA,NA,40000,3240,3680
1430,0,1430,40000,3040,3640
NA,NA,NA,40000,3120,3640
75610,520,75610,40000,3160,3640
NA,NA,NA,40000,3200,3640
NA,NA,NA,40000,3000,3600
NA,NA,NA,40000,3040,3600
NA,NA,NA,40000,3080,3600
68960,1250,68960,40000,3120,3600
14810,1060,14810,40000,3160,3600
NA,NA,NA,40000,3200,3600
28380,2960,28380,40000,3000,3560
79750,590,79750,40000,3040,3560
105600,900,105600,40000,3080,3560
80230,2720,80230,40000,3160,3560
105740,1220,105740,40000,3200,3560
NA,NA,NA,40000,3240,3560
NA,NA,NA,40000,3000,3520
78920,750,78920,40000,3040,3520
172440,1510,172440,40000,3080,3520
136140,1060,136140,40000,3200,3520
NA,NA,NA,40000,3240,3520
NA,NA,NA,40000,3000,3480
79770,1370,79770,40000,3040,3480
99010,1230,99010,40000,3080,3480
100950,2350,100950,40000,3120,3480
109360,2390,109360,40000,3160,3480
114570,1000,114570,40000,3200,3480
NA,NA,NA,40000,3240,3480
5950,0,5950,40000,2960,3440
73720,440,73720,40000,3000,3440
89800,1240,89800,40000,3040,3440
94170,1070,94170,40000,3080,3440
116730,2460,116730,40000,3120,3440
115000,1990,115000,40000,3160,3440
88620,1560,88620,40000,3200,3440
NA,NA,NA,40000,3240,3440
NA,NA,NA,40000,2920,3400
60470,1490,60470,40000,2960,3400
158340,600,158340,40000,3000,3400
131190,1940,131190,40000,3040,3400
129180,1730,129180,40000,3120,3400
124320,1060,124320,40000,3160,3400
139720,830,139720,40000,3200,3400
NA,NA,NA,40000,3240,3400
NA,NA,NA,40000,2920,3360
81090,3290,81090,40000,2960,3360
103270,3460,103270,40000,3000,3360
117080,590,117080,40000,3040,3360
111850,990,111850,40000,3080,3360
108540,810,108540,40000,3120,3360
112420,860,112420,40000,3160,3360
62640,530,62640,40000,3200,3360
37130,1660,37130,40000,2960,3320
108290,1570,108290,40000,3000,3320
NA,NA,NA,40000,3040,3320
NA,NA,NA,40000,3080,3320
550,0,550,40000,3160,3320
NA,NA,NA,1000,2881,5127
NA,NA,NA,1000,3143,4950
NA,NA,NA,1000,3240,4901
NA,NA,NA,5000,2785,4920
NA,NA,NA,5000,3035,4790
134390,0,134390,10000,3100,4990
NA,NA,NA,10000,3030,4950
NA,NA,NA,10000,3110,4800
NA,NA,NA,10000,3040,4780
NA,NA,NA,20000,2820,5060
NA,NA,NA,20000,3040,5040
38870,0,38870,20000,2840,4980
40230,0,40230,20000,2860,4980
148180,0,148180,20000,3080,4980
NA,NA,NA,20000,3140,4980
NA,NA,NA,20000,3180,4980
68720,0,68720,20000,2840,4960
137150,0,137150,20000,2860,4960
30530,0,30530,20000,3080,4960
296880,0,296880,20000,3100,4960
213710,0,213710,20000,2840,4860
247550,0,247550,20000,2860,4860
76540,0,76540,20000,2840,4840
557750,0,557750,20000,2860,4840
93670,0,93670,20000,2880,4820
NA,NA,NA,20000,3200,4820
29320,0,29320,20000,2880,4800
NA,NA,NA,20000,2940,4800
138720,0,138720,40000,2840,5120
82500,0,82500,40000,2800,5080
101720,0,101720,40000,2840,5080
NA,NA,NA,40000,2880,5080
NA,NA,NA,40000,2920,5080
110960,0,110960,40000,2840,5040
272530,0,272530,40000,2880,5040
NA,NA,NA,40000,2920,5040
172270,0,172270,40000,2960,5040
97250,0,97250,40000,3000,5040
NA,NA,NA,40000,2760,5000
110700,0,110700,40000,2800,5000
235350,0,235350,40000,2840,5000
407270,0,407270,40000,2880,5000
1654780,0,1654780,40000,2920,5000
2229760,0,2229760,40000,2960,5000
494660,0,494660,40000,3000,5000
322340,0,322340,40000,3040,5000
112630,0,112630,40000,3080,5000
590440,0,590440,40000,3120,5000
NA,NA,NA,40000,3160,5000
58870,0,58870,40000,2800,4960
120410,0,120410,40000,2880,4960
379240,0,379240,40000,2920,4960
246250,0,246250,40000,2960,4960
436870,0,436870,40000,3000,4960
390860,0,390860,40000,3040,4960
NA,NA,NA,40000,3200,4960
125350,0,125350,40000,2800,4920
839990,0,839990,40000,2840,4920
108960,0,108960,40000,2880,4920
NA,NA,NA,40000,3040,4920
132840,0,132840,40000,3080,4920
185360,0,185360,40000,3160,4920
78270,0,78270,40000,3200,4920
NA,NA,NA,40000,2760,4880
51230,0,51230,40000,2800,4880
81750,0,81750,40000,2840,4880
391720,0,391720,40000,2880,4880
NA,NA,NA,40000,3120,4880
137180,0,137180,40000,3160,4880
238830,0,238830,40000,3200,4880
NA,NA,NA,40000,2800,4840
1243340,0,1243340,40000,2880,4840
NA,NA,NA,40000,3120,4840
362420,0,362420,40000,3160,4840
68460,0,68460,40000,3200,4840
111750,0,111750,40000,2840,4800
NA,NA,NA,40000,2960,4800
NA,NA,NA,40000,3120,4800
75750,0,75750,40000,3160,4800
64440,0,64440,40000,2880,4760
692230,0,692230,40000,2920,4760
240970,0,240970,40000,2960,4760
39370,0,39370,40000,3080,4760
47030,0,47030,40000,3120,4760
2970,0,2970,1000,-2606,984
30,0,30,1000,-2601,980
150,0,150,1000,-2706,974
30,0,30,1000,-2721,920
70,0,70,1000,-2723,914
20,0,20,1000,-2723,913
550,0,550,1000,-2723,912
70,0,70,1000,-2727,905
NA,NA,NA,1000,-2602,873
320,0,320,1000,-2726,852
10,0,10,1000,-2722,821
90,0,90,1000,-2721,821
20,0,20,1000,-2721,820
670,0,670,1000,-2721,819
30,0,30,1000,-2726,800
NA,NA,NA,1000,-2651,746
NA,NA,NA,1000,-2512,731
30,0,30,1000,-2505,686
NA,NA,NA,1000,-2527,651
60,0,60,1000,-2637,628
50,0,50,1000,-2593,627
80,0,80,5000,-2645,1000
130,0,130,5000,-2605,985
30,0,30,5000,-2725,915
20,0,20,5000,-2725,845
70,0,70,5000,-2720,820
20,0,20,5000,-2520,800
NA,NA,NA,10000,-2610,2630
60,0,60,10000,-2690,990
130,0,130,10000,-2640,990
230,0,230,10000,-2630,990
2670,0,2670,10000,-2620,990
460,0,460,10000,-2610,990
870,0,870,10000,-2520,650
1580,30,1580,10000,9980,-3070
2840,80,2840,10000,9990,-3070
1940,30,1940,10000,9980,-3080
1280,40,1280,10000,9990,-3080
NA,NA,NA,20000,-2620,2720
7730,250,7740,20000,-2600,2700
7220,80,7240,20000,-2600,2680
NA,NA,NA,20000,-2680,2460
70,0,70,20000,-2680,1000
230,0,230,20000,-2600,960
80,0,80,20000,-2720,940
160,0,160,20000,-2520,780
NA,NA,NA,20000,-2540,720
NA,NA,NA,20000,8700,-2780
2660,110,2660,20000,9960,-3060
4620,130,4620,20000,9980,-3060
6350,80,6350,20000,9960,-3080
9280,260,9290,40000,-2640,2680
NA,NA,NA,40000,-2640,2640
NA,NA,NA,40000,-2600,2640
6050,150,6050,40000,-2680,2520
NA,NA,NA,40000,-2720,2480
13680,230,13690,40000,-2680,2480
NA,NA,NA,40000,-2640,1000
2630,0,2630,40000,-2680,960
NA,NA,NA,40000,-2600,920
NA,NA,NA,40000,-2560,880
NA,NA,NA,40000,-2560,840
9630,130,9630,40000,-2560,800
NA,NA,NA,40000,-2560,760
4960,60,4960,40000,8720,-2800
3600,40,3600,40000,9960,-3040
8920,210,8920,40000,10000,-3040
NA,NA,NA,40000,9920,-3080
3760,250,3760,40000,10000,-3080
NA,NA,NA,1000,5018,5400
NA,NA,NA,1000,4952,5385
NA,NA,NA,1000,4832,5368
NA,NA,NA,1000,4952,5350
NA,NA,NA,1000,4867,5333
NA,NA,NA,1000,4858,5312
NA,NA,NA,1000,5073,5282
NA,NA,NA,1000,4966,5262
NA,NA,NA,1000,4881,5196
NA,NA,NA,1000,5058,5178
NA,NA,NA,1000,4858,5169
NA,NA,NA,1000,4980,5136
NA,NA,NA,1000,4760,5122
NA,NA,NA,1000,4798,5096
NA,NA,NA,1000,4841,5080
NA,NA,NA,1000,5066,5063
NA,NA,NA,1000,4757,4993
NA,NA,NA,1000,4412,4934
NA,NA,NA,1000,4650,4818
NA,NA,NA,1000,5259,4762
NA,NA,NA,1000,4881,4758
NA,NA,NA,1000,4629,4743
NA,NA,NA,1000,4584,4666
NA,NA,NA,1000,4519,4521
NA,NA,NA,1000,4803,4518
NA,NA,NA,1000,5362,4439
NA,NA,NA,1000,4619,4311
NA,NA,NA,1000,5078,4094
0,0,0,1000,5016,4040
NA,NA,NA,1000,5054,3959
NA,NA,NA,1000,4398,3918
NA,NA,NA,1000,4997,3802
NA,NA,NA,1000,4219,3760
120,0,120,1000,5189,3506
NA,NA,NA,1000,4743,3441
NA,NA,NA,1000,3992,3365
NA,NA,NA,1000,5220,3338
280,0,280,1000,5285,3200
160,0,160,1000,5260,3075
NA,NA,NA,1000,4560,2775
NA,NA,NA,1000,4565,2733
NA,NA,NA,1000,4560,2715
NA,NA,NA,1000,4605,2703
380,0,380,1000,4105,2685
NA,NA,NA,1000,4622,2685
NA,NA,NA,1000,5720,2685
500,0,500,1000,4250,2678
220,0,220,1000,4252,2670
160,160,160,1000,4254,2670
NA,NA,NA,1000,4473,2669
NA,NA,NA,1000,4623,2669
NA,NA,NA,1000,4654,2668
NA,NA,NA,1000,4587,2666
330,0,330,1000,4269,2664
80,0,80,1000,4269,2663
40,0,40,1000,4189,2658
1470,0,1470,1000,4185,2657
290,0,290,1000,4278,2644
NA,NA,NA,1000,4185,2639
110,0,110,1000,4143,2628
310,310,310,1000,4146,2627
290,290,290,1000,4157,2626
360,0,360,1000,4157,2625
240,0,240,1000,4158,2625
510,0,510,1000,4181,2625
360,0,360,1000,4193,2625
340,0,340,1000,4147,2624
390,0,390,1000,4183,2623
750,0,750,1000,4185,2622
190,190,190,1000,4153,2621
0,0,0,1000,4123,2618
140,0,140,1000,4134,2618
NA,NA,NA,1000,4278,2618
NA,NA,NA,1000,4547,2618
450,0,450,1000,4123,2617
180,0,180,1000,4135,2617
220,0,220,1000,4134,2616
NA,NA,NA,1000,4112,2615
230,230,230,1000,4119,2615
70,0,70,1000,4167,2615
280,0,280,1000,4170,2615
500,0,500,1000,4172,2615
620,620,620,1000,4277,2615
370,0,370,1000,4118,2614
200,0,200,1000,4119,2614
210,0,210,1000,4133,2614
160,0,160,1000,4170,2614
250,250,250,1000,4119,2613
380,380,380,1000,4168,2613
270,0,270,1000,4169,2613
NA,NA,NA,1000,4735,2613
470,0,470,1000,4139,2611
390,390,390,1000,4128,2610
190,0,190,1000,4139,2610
470,470,470,1000,4160,2610
1160,1160,1160,1000,4120,2609
170,0,170,1000,4120,2607
570,0,570,1000,4159,2607
170,0,170,1000,4120,2606
370,370,370,1000,4159,2606
570,570,570,1000,4272,2606
420,420,420,1000,4116,2605
520,0,520,1000,4119,2604
100,0,100,1000,4142,2604
580,0,580,1000,4113,2603
630,630,630,1000,4120,2603
530,0,530,1000,4134,2603
370,0,370,1000,4110,2601
140,0,140,1000,4112,2601
760,0,760,1000,4112,2600
280,0,280,1000,4133,2600
460,0,460,1000,4135,2600
NA,NA,NA,1000,4414,2599
NA,NA,NA,1000,4218,2592
NA,NA,NA,1000,4200,2585
NA,NA,NA,1000,5801,2559
2040,0,2040,1000,4363,2544
760,0,760,1000,4995,2495
440,0,440,1000,4997,2493
3860,30,3860,1000,4993,2485
NA,NA,NA,1000,3434,2468
NA,NA,NA,1000,3300,2340
NA,NA,NA,1000,4749,2316
60,0,60,1000,4922,2265
NA,NA,NA,1000,4313,2258
NA,NA,NA,1000,3962,2239
NA,NA,NA,1000,4790,2231
NA,NA,NA,1000,3620,2219
NA,NA,NA,1000,3750,2215
NA,NA,NA,1000,4640,2210
10,0,10,1000,4999,2199
40,0,40,1000,5005,2199
30,0,30,1000,5011,2199
50,0,50,1000,5006,2198
60,0,60,1000,5013,2198
40,0,40,1000,5008,2197
20,0,20,1000,5010,2197
30,0,30,1000,5011,2196
20,0,20,1000,5005,2195
60,0,60,1000,5014,2195
20,0,20,1000,5007,2194
140,0,140,1000,5009,2194
NA,NA,NA,1000,3650,2192
10,0,10,1000,5017,2190
20,0,20,1000,5015,2189
20,0,20,1000,5020,2186
NA,NA,NA,1000,4660,2170
NA,NA,NA,1000,4471,2168
NA,NA,NA,1000,4670,2160
NA,NA,NA,1000,5685,2152
NA,NA,NA,1000,5650,2146
NA,NA,NA,1000,5690,2140
NA,NA,NA,1000,4549,2139
0,0,0,1000,5399,2116
NA,NA,NA,1000,5389,2111
NA,NA,NA,1000,4825,2092
NA,NA,NA,1000,2719,2083
NA,NA,NA,1000,5520,2079
NA,NA,NA,1000,4736,2074
NA,NA,NA,1000,4757,2072
4790,400,4790,1000,4750,2063
NA,NA,NA,1000,4756,2062
NA,NA,NA,1000,4887,2028
130,0,130,1000,4885,2027
NA,NA,NA,1000,4886,2027
980,200,980,1000,4885,2026
NA,NA,NA,1000,4886,2026
790,270,790,1000,4885,2025
NA,NA,NA,1000,4885,2024
NA,NA,NA,1000,4889,2022
NA,NA,NA,1000,4885,2021
NA,NA,NA,1000,4886,2021
NA,NA,NA,1000,4887,2021
1600,510,1600,1000,4885,2020
1680,490,1680,1000,4886,2020
NA,NA,NA,1000,4831,2019
NA,NA,NA,1000,4832,2019
2850,700,2850,1000,4833,2019
7770,2050,7770,1000,4833,2018
250,0,250,1000,4833,2017
NA,NA,NA,1000,4835,1999
NA,NA,NA,1000,4839,1990
NA,NA,NA,1000,4907,1978
NA,NA,NA,1000,4908,1977
NA,NA,NA,1000,4906,1976
NA,NA,NA,1000,4908,1976
110,0,110,1000,4908,1975
7160,2710,7170,1000,4909,1975
NA,NA,NA,1000,4857,1959
2830,1150,2830,1000,4858,1959
570,190,570,1000,4858,1958
NA,NA,NA,1000,4765,1954
NA,NA,NA,1000,4934,1953
NA,NA,NA,1000,4823,1948
NA,NA,NA,1000,4837,1946
NA,NA,NA,1000,5740,1945
NA,NA,NA,1000,4835,1943
NA,NA,NA,1000,4835,1942
NA,NA,NA,1000,4826,1941
3790,550,3790,1000,4835,1941
300,0,300,1000,4836,1941
340,0,340,1000,4835,1940
NA,NA,NA,1000,4179,1939
NA,NA,NA,1000,5715,1939
NA,NA,NA,1000,4858,1938
NA,NA,NA,1000,5554,1922
NA,NA,NA,1000,5745,1919
NA,NA,NA,1000,4890,1918
NA,NA,NA,1000,4880,1884
NA,NA,NA,1000,4905,1853
NA,NA,NA,1000,4915,1849
NA,NA,NA,1000,4915,1844
2440,1900,2440,1000,4916,1844
1370,770,1370,1000,4910,1840
1510,1000,1510,1000,4911,1840
NA,NA,NA,1000,4905,1839
1870,1260,1880,1000,4915,1829
NA,NA,NA,1000,4918,1829
890,370,890,1000,4919,1829
760,580,760,1000,4919,1828
NA,NA,NA,1000,4916,1826
NA,NA,NA,1000,4915,1825
NA,NA,NA,1000,4910,1821
NA,NA,NA,1000,5660,1810
NA,NA,NA,1000,4903,1807
NA,NA,NA,1000,3559,1798
NA,NA,NA,1000,4915,1798
960,630,960,1000,4915,1797
NA,NA,NA,1000,4904,1796
NA,NA,NA,1000,4916,1792
NA,NA,NA,1000,4900,1774
NA,NA,NA,1000,5780,1771
NA,NA,NA,1000,4778,1761
NA,NA,NA,1000,2639,1758
NA,NA,NA,1000,2641,1758
NA,NA,NA,1000,4843,1746
NA,NA,NA,1000,4857,1742
NA,NA,NA,1000,4703,1727
NA,NA,NA,1000,4846,1704
NA,NA,NA,1000,5259,1703
NA,NA,NA,1000,4819,1684
0,0,0,1000,5952,1680
NA,NA,NA,1000,4708,1671
NA,NA,NA,1000,4704,1670
1510,830,1510,1000,4705,1670
NA,NA,NA,1000,4706,1670
NA,NA,NA,1000,4714,1669
NA,NA,NA,1000,4728,1667
NA,NA,NA,1000,4741,1666
NA,NA,NA,1000,4790,1659
NA,NA,NA,1000,4504,1656
NA,NA,NA,1000,4721,1656
NA,NA,NA,1000,4734,1655
NA,NA,NA,1000,4702,1654
NA,NA,NA,1000,4594,1653
3040,930,3040,1000,4737,1653
6420,1830,6420,1000,4738,1653
NA,NA,NA,1000,4739,1653
940,500,940,1000,4594,1652
NA,NA,NA,1000,4738,1652
NA,NA,NA,1000,4739,1652
NA,NA,NA,1000,4594,1651
NA,NA,NA,1000,4739,1651
5500,2290,5510,1000,4720,1648
NA,NA,NA,1000,4663,1647
NA,NA,NA,1000,4704,1647
4420,1260,4420,1000,4662,1646
NA,NA,NA,1000,4772,1646
NA,NA,NA,1000,5302,1645
NA,NA,NA,1000,4727,1644
0,0,0,1000,4588,1643
NA,NA,NA,1000,4651,1642
NA,NA,NA,1000,5562,1642
3300,880,3310,1000,4650,1641
NA,NA,NA,1000,4651,1641
NA,NA,NA,1000,4650,1640
NA,NA,NA,1000,4651,1640
NA,NA,NA,1000,4652,1640
NA,NA,NA,1000,4625,1635
NA,NA,NA,1000,4624,1633
NA,NA,NA,1000,4620,1629
3050,1080,3050,1000,4621,1629
NA,NA,NA,1000,4638,1627
NA,NA,NA,1000,4631,1625
3440,1240,3440,1000,4597,1624
NA,NA,NA,1000,4598,1624
NA,NA,NA,1000,4609,1624
NA,NA,NA,1000,4595,1623
NA,NA,NA,1000,4610,1622
NA,NA,NA,1000,4612,1622
1750,710,1750,1000,4613,1620
NA,NA,NA,1000,4622,1620
NA,NA,NA,1000,4584,1614
0,0,0,1000,5876,1600
0,0,0,1000,5877,1600
NA,NA,NA,1000,5386,1599
NA,NA,NA,1000,4790,1590
NA,NA,NA,1000,4741,1570
NA,NA,NA,1000,4771,1569
NA,NA,NA,1000,4773,1566
1780,400,1780,1000,4774,1566
1380,760,1380,1000,4775,1566
1630,730,1640,1000,4775,1565
NA,NA,NA,1000,4776,1565
NA,NA,NA,1000,4777,1565
NA,NA,NA,1000,4777,1564
NA,NA,NA,1000,4708,1562
NA,NA,NA,1000,1841,1510
NA,NA,NA,1000,3135,1458
NA,NA,NA,1000,2028,1042
NA,NA,NA,1000,1561,1019
NA,NA,NA,1000,1720,1018
NA,NA,NA,1000,1962,959
NA,NA,NA,5000,4980,5365
NA,NA,NA,5000,4960,5350
NA,NA,NA,5000,4820,5235
NA,NA,NA,5000,5075,5225
NA,NA,NA,5000,5030,5085
NA,NA,NA,5000,4655,5075
NA,NA,NA,5000,4355,4640
NA,NA,NA,5000,5380,4495
NA,NA,NA,5000,4475,4410
NA,NA,NA,5000,4585,4290
NA,NA,NA,5000,4200,4270
NA,NA,NA,5000,4820,4120
NA,NA,NA,5000,4025,4030
NA,NA,NA,5000,5100,3925
NA,NA,NA,5000,4240,3915
NA,NA,NA,5000,4235,3780
NA,NA,NA,5000,5360,3675
550,0,550,5000,4600,3665
360,0,360,5000,4605,3665
NA,NA,NA,5000,4195,3605
NA,NA,NA,5000,5135,3555
1350,500,1350,5000,5110,3535
790,420,790,5000,5115,3535
1520,460,1520,5000,5150,3535
1670,380,1670,5000,5155,3535
2250,480,2250,5000,5160,3535
1520,190,1530,5000,5165,3535
1840,700,1840,5000,5110,3530
3190,1060,3190,5000,5115,3530
1540,370,1540,5000,5150,3530
1780,300,1780,5000,5155,3530
1540,440,1540,5000,5160,3530
2610,330,2610,5000,5165,3530
1040,310,1040,5000,5110,3525
1650,640,1650,5000,5115,3525
1940,220,1950,5000,5140,3525
2370,550,2370,5000,5145,3525
2070,530,2070,5000,5150,3525
2400,500,2400,5000,5155,3525
1580,380,1580,5000,5160,3525
2070,400,2080,5000,5165,3525
2200,1190,2200,5000,5110,3520
1780,760,1780,5000,5115,3520
2770,480,2770,5000,5140,3520
2140,420,2140,5000,5145,3520
2010,210,2010,5000,5150,3520
1550,300,1550,5000,5155,3520
1720,310,1720,5000,5160,3520
710,110,720,5000,5165,3520
1340,200,1340,5000,5160,3515
1150,240,1150,5000,5165,3515
970,200,970,5000,5160,3510
150,0,150,5000,5165,3510
2050,290,2050,5000,5150,3505
1800,100,1800,5000,5155,3505
170,0,170,5000,5180,3505
200,0,200,5000,5190,3505
1500,190,1500,5000,5150,3500
2050,140,2050,5000,5155,3500
310,0,310,5000,5180,3500
160,0,170,5000,5185,3500
120,0,120,5000,5195,3500
1510,380,1510,5000,5210,3465
1160,130,1170,5000,5215,3465
2310,330,2310,5000,5210,3460
810,170,810,5000,5215,3460
940,300,950,5000,5220,3460
60,0,60,5000,4740,3445
1140,770,1140,5000,4745,3445
2170,1280,2170,5000,4745,3440
2330,270,2330,5000,5110,3435
1180,170,1180,5000,5115,3435
3340,580,3340,5000,5110,3430
2360,190,2360,5000,5115,3430
200,0,200,5000,5260,3240
190,0,190,5000,5280,3205
1390,0,1400,5000,5280,3200
3390,610,3400,5000,5220,3105
1180,260,1180,5000,5225,3105
1000,130,1000,5000,5220,3100
1990,220,2000,5000,5225,3100
1730,0,1730,5000,3715,3040
NA,NA,NA,5000,3370,2940
230,0,230,5000,5475,2880
2070,820,2070,5000,4720,2875
1540,560,1540,5000,4725,2875
2090,1080,2090,5000,4720,2870
720,470,720,5000,4725,2870
NA,NA,NA,5000,5265,2860
1090,410,1090,5000,4680,2845
1370,620,1370,5000,4685,2845
1090,220,1090,5000,4680,2840
1500,310,1500,5000,4685,2840
1460,210,1460,5000,4600,2835
1330,540,1340,5000,4605,2835
1610,410,1610,5000,4610,2835
1220,390,1220,5000,4615,2835
1190,150,1190,5000,4620,2835
890,380,890,5000,4625,2835
1090,370,1090,5000,4640,2835
1630,380,1630,5000,4645,2835
1860,660,1860,5000,4650,2835
1350,710,1350,5000,4655,2835
460,180,460,5000,4670,2835
640,290,640,5000,4675,2835
760,250,760,5000,4680,2835
1330,490,1330,5000,4685,2835
1040,230,1040,5000,4690,2835
880,260,880,5000,4695,2835
930,250,930,5000,4600,2830
1350,440,1350,5000,4605,2830
1590,420,1590,5000,4610,2830
1770,840,1770,5000,4615,2830
1240,660,1240,5000,4620,2830
1200,620,1200,5000,4625,2830
1160,330,1160,5000,4640,2830
1500,330,1500,5000,4645,2830
1120,370,1120,5000,4650,2830
1650,280,1650,5000,4655,2830
790,580,790,5000,4670,2830
610,350,620,5000,4675,2830
900,350,900,5000,4680,2830
1430,280,1430,5000,4685,2830
1070,550,1070,5000,4690,2830
380,120,380,5000,4695,2830
1170,370,1170,5000,4600,2825
1770,630,1770,5000,4605,2825
1340,330,1340,5000,4610,2825
1310,500,1310,5000,4615,2825
1680,840,1680,5000,4620,2825
1330,630,1330,5000,4625,2825
1010,450,1010,5000,4630,2825
1430,720,1430,5000,4635,2825
1480,350,1490,5000,4650,2825
1330,490,1330,5000,4655,2825
870,400,870,5000,4660,2825
790,310,790,5000,4665,2825
890,380,890,5000,4670,2825
790,450,790,5000,4675,2825
2460,1450,2460,5000,4810,2825
2950,930,2950,5000,4815,2825
1060,380,1060,5000,4600,2820
1050,220,1050,5000,4605,2820
1050,250,1050,5000,4610,2820
1360,250,1370,5000,4615,2820
1600,480,1600,5000,4620,2820
1720,350,1720,5000,4625,2820
1470,450,1480,5000,4630,2820
940,490,940,5000,4635,2820
1390,220,1400,5000,4650,2820
1350,330,1360,5000,4655,2820
1050,330,1050,5000,4660,2820
740,250,750,5000,4665,2820
1150,420,1150,5000,4670,2820
1160,330,1160,5000,4675,2820
NA,NA,NA,5000,4810,2820
NA,NA,NA,5000,4815,2820
1270,140,1270,5000,4600,2815
1520,280,1530,5000,4605,2815
1690,560,1690,5000,4630,2815
850,210,850,5000,4635,2815
1680,370,1680,5000,4640,2815
1340,240,1340,5000,4645,2815
1020,180,1020,5000,4650,2815
1380,210,1380,5000,4655,2815
1100,490,1100,5000,4660,2815
1400,260,1410,5000,4665,2815
950,190,950,5000,4670,2815
920,300,920,5000,4675,2815
1520,150,1520,5000,4600,2810
1880,160,1880,5000,4605,2810
1160,370,1160,5000,4630,2810
850,220,850,5000,4635,2810
1170,200,1170,5000,4640,2810
1150,290,1150,5000,4645,2810
1670,110,1670,5000,4650,2810
1420,280,1420,5000,4655,2810
1220,310,1220,5000,4660,2810
1360,410,1370,5000,4665,2810
910,200,910,5000,4670,2810
1150,240,1150,5000,4675,2810
1150,220,1160,5000,4590,2785
1600,240,1600,5000,4595,2785
980,210,980,5000,4740,2785
1200,240,1200,5000,4745,2785
1310,550,1310,5000,4750,2785
620,330,620,5000,4755,2785
1720,1390,1720,5000,4830,2785
1600,380,1600,5000,4590,2780
2190,280,2190,5000,4595,2780
640,410,640,5000,4740,2780
590,220,590,5000,4745,2780
710,440,710,5000,4750,2780
680,300,680,5000,4755,2780
3600,2540,3600,5000,4830,2780
1290,350,1290,5000,4670,2775
1200,430,1200,5000,4675,2775
1640,660,1650,5000,4680,2775
1150,460,1150,5000,4685,2775
1460,690,1460,5000,4690,2775
1630,880,1630,5000,4695,2775
1120,400,1130,5000,4560,2770
1150,370,1150,5000,4565,2770
1570,740,1570,5000,4670,2770
950,430,950,5000,4675,2770
1760,860,1760,5000,4680,2770
1480,580,1480,5000,4685,2770
880,610,880,5000,4690,2770
940,570,950,5000,4695,2770
870,360,870,5000,4550,2765
1400,650,1400,5000,4555,2765
1530,850,1530,5000,4560,2765
1850,460,1850,5000,4565,2765
1060,580,1060,5000,4660,2765
1530,930,1530,5000,4665,2765
1980,1810,1980,5000,4800,2765
1380,610,1380,5000,4805,2765
1550,600,1550,5000,4550,2760
1610,670,1610,5000,4555,2760
1310,590,1310,5000,4560,2760
1260,580,1260,5000,4565,2760
840,330,840,5000,4660,2760
290,170,290,5000,4665,2760
2120,870,2120,5000,4800,2760
2570,1380,2570,5000,4805,2760
1870,1040,1870,5000,4550,2755
1420,640,1420,5000,4555,2755
750,460,750,5000,4560,2755
830,480,830,5000,4565,2755
750,230,750,5000,4570,2755
760,170,770,5000,4575,2755
1200,610,1200,5000,4550,2750
1760,770,1760,5000,4555,2750
1340,930,1340,5000,4560,2750
1440,700,1440,5000,4565,2750
740,170,740,5000,4570,2750
750,320,750,5000,4575,2750
760,520,760,5000,4560,2745
460,380,460,5000,4565,2745
410,300,410,5000,4560,2740
340,300,340,5000,4565,2740
750,270,750,5000,4550,2735
1460,1020,1460,5000,4555,2735
610,540,610,5000,4560,2735
180,140,180,5000,4565,2735
NA,NA,NA,5000,4575,2735
510,160,510,5000,4550,2730
1260,920,1260,5000,4555,2730
1090,750,1100,5000,4560,2730
1350,1210,1350,5000,4490,2725
1200,640,1200,5000,4495,2725
NA,NA,NA,5000,4550,2725
1730,1210,1730,5000,4555,2725
890,680,890,5000,4570,2725
380,300,380,5000,4575,2725
NA,NA,NA,5000,4770,2725
1050,440,1050,5000,4775,2725
NA,NA,NA,5000,4495,2720
190,160,190,5000,4555,2720
1810,1440,1810,5000,4570,2720
1660,1160,1660,5000,4575,2720
980,170,980,5000,4770,2720
970,250,980,5000,4775,2720
660,0,660,5000,4210,2715
1480,0,1480,5000,4215,2715
1080,300,1080,5000,4480,2715
310,150,310,5000,4485,2715
1180,520,1180,5000,4500,2715
1110,340,1110,5000,4505,2715
1430,0,1430,5000,4210,2710
860,120,860,5000,4215,2710
660,260,660,5000,4300,2710
940,180,940,5000,4305,2710
1470,570,1470,5000,4310,2710
1560,400,1560,5000,4315,2710
1530,580,1530,5000,4480,2710
1920,1210,1920,5000,4485,2710
1860,320,1860,5000,4500,2710
1800,850,1800,5000,4505,2710
1490,1170,1490,5000,4560,2710
600,510,600,5000,4565,2710
2210,740,2210,5000,4480,2705
1470,930,1470,5000,4485,2705
1840,460,1840,5000,4490,2705
1960,570,1960,5000,4495,2705
880,610,880,5000,4570,2705
470,360,470,5000,4575,2705
290,170,290,5000,4580,2705
600,340,600,5000,4585,2705
1240,580,1250,5000,4600,2705
1390,330,1390,5000,4605,2705
NA,NA,NA,5000,4630,2705
1540,400,1540,5000,4480,2700
2170,1340,2170,5000,4485,2700
NA,NA,NA,5000,4490,2700
900,280,900,5000,4495,2700
200,120,200,5000,4570,2700
2410,560,2410,5000,4575,2700
2160,300,2160,5000,4580,2700
700,510,700,5000,4585,2700
300,220,300,5000,4600,2700
1310,640,1310,5000,4140,2695
890,0,890,5000,4145,2695
NA,NA,NA,5000,4625,2695
1810,320,1810,5000,4140,2690
800,0,800,5000,4145,2690
380,0,380,5000,4435,2690
1290,0,1290,5000,4100,2685
1280,410,1280,5000,4140,2685
660,130,660,5000,4145,2685
1590,980,1590,5000,4520,2685
630,330,630,5000,4525,2685
NA,NA,NA,5000,4570,2685
NA,NA,NA,5000,4630,2685
1150,800,1150,5000,4635,2685
1480,1300,1480,5000,4100,2680
470,0,470,5000,4105,2680
1480,0,1480,5000,4140,2680
1300,0,1300,5000,4145,2680
1430,790,1430,5000,4620,2680
1230,540,1230,5000,4625,2680
1680,1010,1680,5000,4630,2680
1160,440,1160,5000,4635,2680
990,0,990,5000,4240,2675
2800,920,2800,5000,4245,2675
720,0,720,5000,4255,2675
1020,790,1020,5000,4270,2675
2260,810,2260,5000,4275,2675
150,0,150,5000,4470,2675
2270,1570,2280,5000,4600,2675
2670,1990,2670,5000,4605,2675
400,270,400,5000,4630,2675
520,240,520,5000,4635,2675
560,220,560,5000,4640,2675
630,340,630,5000,4645,2675
1210,500,1210,5000,4650,2675
860,450,860,5000,4655,2675
850,110,850,5000,4750,2675
1020,260,1020,5000,4755,2675
930,180,930,5000,4760,2675
1010,200,1010,5000,4765,2675
680,0,680,5000,4240,2670
1630,0,1630,5000,4245,2670
1130,370,1130,5000,4255,2670
1190,450,1190,5000,4275,2670
2140,1480,2140,5000,4600,2670
660,570,660,5000,4605,2670
700,340,700,5000,4630,2670
420,210,420,5000,4635,2670
530,430,530,5000,4640,2670
840,530,840,5000,4645,2670
910,660,910,5000,4650,2670
1540,1060,1540,5000,4655,2670
920,160,920,5000,4750,2670
1040,200,1040,5000,4755,2670
950,80,950,5000,4760,2670
950,170,950,5000,4765,2670
900,0,900,5000,4220,2665
1020,140,1020,5000,4225,2665
210,0,210,5000,4230,2665
480,0,480,5000,4235,2665
220,0,220,5000,4260,2665
760,380,760,5000,4265,2665
220,0,220,5000,4270,2665
780,480,780,5000,4655,2665
930,120,930,5000,4750,2665
1050,70,1060,5000,4755,2665
1080,130,1080,5000,4770,2665
1210,100,1210,5000,4775,2665
780,0,780,5000,4220,2660
230,0,230,5000,4225,2660
660,240,660,5000,4230,2660
530,0,530,5000,4270,2660
460,0,460,5000,4275,2660
860,660,860,5000,4650,2660
490,250,490,5000,4655,2660
930,210,930,5000,4750,2660
950,40,950,5000,4755,2660
520,110,520,5000,4770,2660
1090,100,1090,5000,4775,2660
1350,1260,1350,5000,4150,2655
480,0,480,5000,4155,2655
1280,540,1280,5000,4180,2655
1000,190,1000,5000,4150,2650
1390,360,1390,5000,4155,2650
220,0,220,5000,4185,2650
1360,230,1360,5000,4185,2645
860,160,860,5000,4190,2645
930,330,930,5000,4195,2645
710,250,710,5000,4180,2640
1610,630,1610,5000,4185,2640
430,270,430,5000,4190,2640
980,370,980,5000,4195,2640
200,0,200,5000,4150,2635
2790,640,2790,5000,4155,2635
920,620,920,5000,4180,2635
460,0,460,5000,4265,2635
2640,0,2640,5000,4405,2635
750,240,750,5000,4670,2635
700,340,700,5000,4675,2635
310,260,310,5000,4180,2630
310,310,310,5000,4260,2630
280,0,280,5000,4265,2630
270,0,270,5000,4400,2630
180,0,180,5000,4405,2630
1100,250,1110,5000,4670,2630
1160,430,1160,5000,4675,2630
2710,530,2710,5000,4100,2625
1220,0,1220,5000,4105,2625
960,0,960,5000,4110,2625
1620,190,1620,5000,4115,2625
350,160,350,5000,4530,2625
NA,NA,NA,5000,4535,2625
NA,NA,NA,5000,4550,2625
NA,NA,NA,5000,4555,2625
570,0,570,5000,4100,2620
340,0,340,5000,4110,2620
900,0,900,5000,4140,2620
550,150,550,5000,4530,2620
640,250,640,5000,4535,2620
1400,630,1400,5000,4550,2620
690,410,690,5000,4555,2620
510,0,510,5000,4125,2615
490,0,490,5000,4140,2615
1290,290,1290,5000,4145,2615
690,560,690,5000,4265,2615
240,240,240,5000,4270,2615
520,520,520,5000,4290,2615
620,550,620,5000,4295,2615
400,110,400,5000,4730,2615
560,270,560,5000,4735,2615
300,0,300,5000,4110,2610
750,300,750,5000,4140,2610
1890,1690,1890,5000,4275,2610
420,420,420,5000,4300,2610
160,160,160,5000,4315,2610
NA,NA,NA,5000,4730,2610
1610,0,1610,5000,4135,2605
2010,680,2010,5000,4140,2605
400,400,400,5000,4275,2605
1150,180,1150,5000,4410,2605
1370,70,1370,5000,4415,2605
820,0,820,5000,4100,2600
260,0,260,5000,4105,2600
650,100,650,5000,4410,2600
1250,290,1250,5000,4415,2600
960,130,970,5000,4415,2595
710,0,720,5000,5270,2595
70,0,80,5000,5275,2595
970,0,980,5000,1160,2590
780,0,790,5000,1165,2590
NA,NA,NA,5000,4410,2590
1710,250,1720,5000,4415,2590
220,0,220,5000,5270,2590
210,0,210,5000,5275,2590
370,0,370,5000,1160,2585
950,0,960,5000,1165,2585
1320,30,1320,5000,4400,2585
1140,100,1140,5000,4405,2585
120,0,120,5000,5260,2585
NA,NA,NA,5000,5275,2585
320,0,320,5000,1165,2580
1670,150,1670,5000,4400,2580
880,70,880,5000,4405,2580
260,0,260,5000,5260,2580
170,0,170,5000,5265,2580
2010,320,2010,5000,4400,2575
470,80,470,5000,4405,2575
800,120,800,5000,4410,2575
1060,150,1060,5000,4415,2575
2420,80,2420,5000,4400,2570
50,0,50,5000,4405,2570
1040,50,1040,5000,4410,2570
570,80,570,5000,4415,2570
1080,50,1080,5000,4490,2535
1430,440,1430,5000,4495,2535
680,40,680,5000,4490,2530
1650,200,1650,5000,4495,2530
230,0,240,5000,1220,2520
1250,230,1250,5000,4490,2515
930,70,930,5000,4495,2515
1500,160,1510,5000,4490,2510
1080,60,1080,5000,4495,2510
1160,130,1160,5000,4250,2485
6310,580,6310,5000,4255,2485
2740,210,2750,5000,4400,2485
1000,130,1000,5000,4405,2485
1670,100,1680,5000,4470,2485
1220,50,1230,5000,4475,2485
4200,200,4200,5000,4900,2485
1300,190,1300,5000,4905,2485
1520,90,1530,5000,4250,2480
14910,1760,14920,5000,4255,2480
1440,150,1440,5000,4400,2480
1280,150,1280,5000,4405,2480
1310,60,1310,5000,4470,2480
920,60,920,5000,4475,2480
1450,350,1450,5000,4900,2480
1840,300,1840,5000,4905,2480
580,200,580,5000,3510,2475
1980,370,1980,5000,3515,2475
1830,260,1830,5000,3520,2475
1480,260,1480,5000,3525,2475
1970,390,1970,5000,4410,2475
2320,170,2320,5000,4415,2475
NA,NA,NA,5000,4595,2475
100,0,100,5000,5220,2475
560,0,570,5000,5225,2475
3230,0,3240,5000,5230,2475
770,0,770,5000,5235,2475
1100,170,1100,5000,3510,2470
2120,330,2120,5000,3515,2470
1970,330,1970,5000,3520,2470
1300,550,1300,5000,3525,2470
1870,220,1870,5000,4410,2470
2490,270,2500,5000,4415,2470
470,0,480,5000,5235,2470
1890,220,1890,5000,3510,2465
1660,360,1660,5000,3515,2465
1040,110,1040,5000,3530,2465
1060,160,1060,5000,3535,2465
860,260,860,5000,3510,2460
1760,140,1760,5000,3515,2460
1410,260,1410,5000,3530,2460
1320,250,1320,5000,3535,2460
650,210,650,5000,3910,2455
1080,160,1080,5000,3915,2455
420,150,420,5000,3910,2450
1850,730,1850,5000,3915,2450
1310,370,1310,5000,4250,2435
1280,400,1280,5000,4255,2435
NA,NA,NA,5000,5800,2435
2000,350,2000,5000,4250,2430
1720,250,1720,5000,4255,2430
950,80,960,5000,4170,2405
1900,340,1900,5000,4175,2405
1150,70,1160,5000,4180,2405
1300,90,1300,5000,4185,2405
1190,110,1190,5000,4170,2400
1620,110,1630,5000,4175,2400
1650,80,1650,5000,4180,2400
1310,90,1310,5000,4185,2400
4320,410,4320,5000,4120,2395
2450,170,2450,5000,4125,2395
1560,420,1560,5000,4340,2395
1680,250,1680,5000,4345,2395
1400,570,1400,5000,4360,2395
1250,320,1260,5000,4365,2395
2460,330,2460,5000,4120,2390
2270,360,2270,5000,4125,2390
1080,320,1080,5000,4340,2390
1260,760,1260,5000,4345,2390
1960,430,1960,5000,4360,2390
1050,290,1050,5000,4365,2390
1540,590,1540,5000,4340,2385
1610,630,1620,5000,4345,2385
170,0,170,5000,1275,2380
760,350,770,5000,4340,2380
970,640,970,5000,4345,2380
500,0,500,5000,1270,2375
990,0,990,5000,1275,2375
160,0,160,5000,1270,2370
1130,0,1130,5000,1275,2370
1400,0,1400,5000,1275,2365
430,0,430,5000,1275,2360
NA,NA,NA,5000,4200,2355
10,0,10,5000,4250,2355
110,0,120,5000,4255,2355
700,0,700,5000,1320,2350
310,0,310,5000,1325,2350
20,0,20,5000,4510,2350
1440,280,1440,5000,3900,2345
900,700,900,5000,3905,2345
3070,880,3080,5000,4480,2345
940,50,940,5000,4485,2345
1270,100,1270,5000,4490,2345
1030,140,1030,5000,4495,2345
680,270,680,5000,3900,2340
3300,700,3300,5000,3905,2340
1590,430,1590,5000,4480,2340
3250,150,3260,5000,4485,2340
1810,200,1810,5000,4490,2340
1720,240,1720,5000,4495,2340
2610,890,2610,5000,3540,2335
2080,770,2080,5000,3545,2335
1990,800,1990,5000,3540,2330
1450,870,1450,5000,3545,2330
580,350,580,5000,4460,2325
1460,1100,1460,5000,4465,2325
1070,890,1070,5000,4460,2320
NA,NA,NA,5000,4465,2320
1440,470,1440,5000,3920,2315
370,140,370,5000,3925,2315
1070,290,1070,5000,4550,2315
1180,490,1180,5000,4555,2315
1680,250,1680,5000,3920,2310
NA,NA,NA,5000,3925,2310
1680,120,1680,5000,4550,2310
1290,380,1290,5000,4555,2310
1560,290,1570,5000,3870,2305
1180,170,1180,5000,3875,2305
4130,980,4140,5000,3870,2300
1830,1080,1830,5000,3875,2300
3060,720,3060,5000,3880,2295
7710,2430,7710,5000,3885,2295
15830,3500,15840,5000,4420,2295
1100,370,1100,5000,4425,2295
NA,NA,NA,5000,3880,2290
NA,NA,NA,5000,3885,2290
1080,160,1090,5000,4420,2290
990,170,1000,5000,4425,2290
NA,NA,NA,5000,3885,2285
700,280,700,5000,4520,2285
1680,870,1680,5000,4525,2285
1510,190,1510,5000,4560,2285
2050,200,2060,5000,4565,2285
NA,NA,NA,5000,4520,2280
90,0,100,5000,4525,2280
1510,270,1510,5000,4560,2280
2290,300,2290,5000,4565,2280
5380,2020,5380,5000,3865,2275
NA,NA,NA,5000,5800,2275
1980,270,1980,5000,4570,2265
2070,330,2070,5000,4575,2265
980,260,980,5000,4570,2260
1480,360,1490,5000,4575,2260
400,0,400,5000,4920,2260
950,190,950,5000,4570,2255
1890,860,1890,5000,4575,2255
NA,NA,NA,5000,4570,2250
1310,490,1310,5000,4575,2250
1410,420,1420,5000,4560,2245
650,180,650,5000,4565,2245
1510,730,1510,5000,4580,2245
1280,340,1280,5000,4585,2245
1160,490,1160,5000,4560,2240
2540,890,2540,5000,4565,2240
1620,370,1620,5000,4580,2240
2200,520,2200,5000,4585,2240
1650,340,1650,5000,4580,2235
2660,1080,2660,5000,4585,2235
820,320,820,5000,4590,2235
2050,560,2050,5000,4595,2235
1190,650,1190,5000,4580,2230
960,200,960,5000,4585,2230
1430,330,1430,5000,4590,2230
2160,660,2170,5000,4595,2230
NA,NA,NA,5000,3975,2225
1190,500,1190,5000,4510,2225
7260,770,7270,5000,4515,2225
2270,940,2280,5000,4590,2225
1210,270,1210,5000,4595,2225
1830,130,1840,5000,4510,2220
2310,180,2310,5000,4515,2220
1360,520,1360,5000,4590,2220
1270,910,1270,5000,4595,2220
1340,540,1340,5000,4620,2215
2150,360,2160,5000,4625,2215
1140,580,1150,5000,4620,2210
1780,1220,1790,5000,4625,2210
990,190,1000,5000,4620,2205
1480,990,1490,5000,4625,2205
710,100,710,5000,4640,2205
1620,160,1620,5000,5670,2205
2060,140,2060,5000,5675,2205
1590,990,1600,5000,4620,2200
900,160,900,5000,4625,2200
960,300,960,5000,4640,2200
2340,280,2340,5000,5670,2200
1690,100,1690,5000,5675,2200
NA,NA,NA,5000,3645,2195
1470,120,1470,5000,4640,2195
70,0,70,5000,5000,2195
1620,350,1630,5000,4640,2190
1370,270,1370,5000,4645,2190
60,0,60,5000,5010,2190
1250,230,1260,5000,2900,2185
1330,430,1340,5000,2905,2185
710,240,710,5000,2900,2180
790,220,800,5000,2905,2180
1670,170,1670,5000,4650,2180
1470,220,1480,5000,4660,2165
NA,NA,NA,5000,3760,2160
NA,NA,NA,5000,4280,2160
3780,640,3780,5000,4470,2160
3950,480,3950,5000,4475,2160
980,90,990,5000,4660,2160
5460,770,5470,5000,4665,2160
1690,120,1700,5000,4650,2155
1300,210,1300,5000,4655,2155
1090,190,1090,5000,5680,2155
1570,350,1580,5000,4650,2150
1680,410,1690,5000,4655,2150
1120,320,1120,5000,5680,2150
1580,90,1590,5000,4660,2145
1920,200,1930,5000,4665,2145
1700,310,1720,5000,4670,2145
2310,380,2320,5000,4675,2145
30,0,30,5000,5640,2145
150,50,150,5000,5645,2145
1010,160,1020,5000,4660,2140
1260,110,1270,5000,4665,2140
1960,460,1970,5000,4670,2140
1730,320,1740,5000,4675,2140
650,270,660,5000,4540,2135
1780,40,1790,5000,4680,2135
1600,50,1610,5000,4685,2135
1160,320,1160,5000,4540,2130
410,110,410,5000,4545,2130
1840,60,1850,5000,4680,2130
1630,60,1640,5000,4685,2130
650,120,650,5000,4550,2125
1030,600,1040,5000,4555,2125
NA,NA,NA,5000,4775,2125
680,230,680,5000,4550,2120
1830,420,1830,5000,4555,2120
120,0,120,5000,5390,2110
430,0,430,5000,5395,2110
2890,690,2890,5000,4520,2095
6920,2190,6930,5000,4525,2095
5670,1060,5670,5000,4520,2090
53510,16080,53530,5000,4525,2090
NA,NA,NA,5000,4830,2090
2390,480,2400,5000,4530,2085
1510,160,1520,5000,4535,2085
910,0,910,5000,4530,2080
1180,610,1180,5000,4535,2080
70,0,70,5000,5340,2080
340,0,340,5000,5345,2080
800,250,800,5000,3620,2075
920,410,920,5000,3625,2075
920,550,920,5000,3630,2075
850,360,850,5000,3635,2075
1470,380,1470,5000,4505,2075
720,430,730,5000,4620,2075
810,560,820,5000,4625,2075
NA,NA,NA,5000,4730,2075
5600,650,5600,5000,4735,2075
2110,1300,2110,5000,3620,2070
1580,870,1580,5000,3625,2070
1250,700,1250,5000,3630,2070
610,430,610,5000,3635,2070
40,0,40,5000,4505,2070
350,90,360,5000,4620,2070
250,120,260,5000,4625,2070
NA,NA,NA,5000,4730,2070
1390,590,1390,5000,3620,2065
1560,420,1560,5000,3625,2065
NA,NA,NA,5000,4750,2065
1060,380,1060,5000,3620,2060
630,210,630,5000,3625,2060
980,130,990,5000,4550,2055
2920,330,2920,5000,4555,2055
1610,390,1620,5000,4550,2050
1640,120,1640,5000,4555,2050
NA,NA,NA,5000,4850,2045
NA,NA,NA,5000,4850,2040
1160,90,1160,5000,4855,2040
130,0,130,5000,3560,2035
2160,240,2170,5000,4880,2030
520,150,520,5000,4885,2030
1470,100,1470,5000,4710,2025
850,100,860,5000,4715,2025
1380,180,1390,5000,4730,2025
2050,670,2060,5000,4735,2025
7330,2300,7340,5000,4880,2025
60,0,60,5000,4910,2025
1520,100,1530,5000,4710,2020
1870,230,1870,5000,4715,2020
1770,280,1770,5000,4730,2020
1040,170,1040,5000,4735,2020
NA,NA,NA,5000,4880,2020
2350,150,2350,5000,4910,2020
2100,50,2100,5000,4915,2020
NA,NA,NA,5000,4920,2020
2040,0,2040,5000,2970,2015
1490,0,1490,5000,2975,2015
2580,580,2590,5000,4720,2015
1120,150,1130,5000,4725,2015
9330,460,9350,5000,4910,2015
NA,NA,NA,5000,4915,2015
1730,0,1730,5000,2970,2010
2120,0,2120,5000,2975,2010
610,110,610,5000,4720,2010
1550,200,1560,5000,4725,2010
3960,490,3960,5000,4820,2010
NA,NA,NA,5000,4910,2010
210,0,210,5000,4915,2010
2970,1150,2970,5000,4830,2005
11500,5990,11500,5000,4835,2005
740,0,740,5000,5630,2005
NA,NA,NA,5000,4280,2000
8870,1390,8880,5000,4825,2000
130,0,130,5000,5630,2000
620,30,620,5000,4720,1995
470,70,470,5000,4725,1995
NA,NA,NA,5000,4830,1995
1140,90,1140,5000,4720,1990
2310,210,2310,5000,4725,1990
2130,820,2130,5000,4825,1990
11020,3060,11030,5000,4830,1990
2260,410,2260,5000,4730,1985
1170,150,1170,5000,4735,1985
310,90,320,5000,4730,1980
NA,NA,NA,5000,4735,1980
90,0,90,5000,4970,1975
NA,NA,NA,5000,4975,1975
NA,NA,NA,5000,4610,1970
NA,NA,NA,5000,4900,1970
1480,320,1480,5000,4905,1970
6670,1520,6670,5000,4975,1970
160,0,160,5000,4850,1965
NA,NA,NA,5000,2635,1960
1750,580,1760,5000,4850,1960
200,0,200,5000,4855,1960
290,0,290,5000,3490,1955
2740,500,2750,5000,4740,1955
890,300,890,5000,4745,1955
1760,90,1760,5000,4760,1955
680,80,680,5000,4765,1955
NA,NA,NA,5000,4850,1955
7200,2280,7200,5000,4935,1955
1690,90,1690,5000,5000,1955
1930,230,1930,5000,5005,1955
2530,410,2530,5000,5010,1955
11160,3150,11170,5000,5015,1955
800,40,800,5000,4740,1950
1270,140,1270,5000,4745,1950
620,80,620,5000,4760,1950
4350,3090,4350,5000,4850,1950
610,340,610,5000,4935,1950
1200,210,1200,5000,5000,1950
2120,460,2130,5000,5005,1950
1300,180,1300,5000,5010,1950
7330,2790,7340,5000,5015,1950
100,0,110,5000,3480,1945
4680,1600,4680,5000,4825,1945
770,450,770,5000,4850,1945
NA,NA,NA,5000,4855,1945
5100,460,5120,5000,5000,1945
2010,220,2010,5000,5005,1945
1400,410,1400,5000,5010,1945
1620,60,1630,5000,5015,1945
NA,NA,NA,5000,5040,1945
NA,NA,NA,5000,4830,1940
7890,2740,7890,5000,4850,1940
NA,NA,NA,5000,4855,1940
20,0,20,5000,5000,1940
1810,170,1820,5000,5005,1940
NA,NA,NA,5000,5010,1940
NA,NA,NA,5000,5015,1940
1230,220,1240,5000,5740,1940
140,0,140,5000,5745,1940
790,420,790,5000,4850,1935
490,40,500,5000,4880,1935
NA,NA,NA,5000,4885,1935
1230,130,1230,5000,5710,1935
2350,1240,2350,5000,4850,1930
NA,NA,NA,5000,4855,1930
4420,670,4420,5000,4880,1930
110,0,110,5000,4885,1930
1130,250,1130,5000,5710,1930
210,0,210,5000,5715,1930
NA,NA,NA,5000,4740,1915
390,90,390,5000,4745,1915
20,0,20,5000,5140,1915
90,0,100,5000,5715,1915
590,120,600,5000,5740,1915
10,0,10,5000,5125,1910
1600,650,1600,5000,3340,1905
1270,400,1270,5000,3345,1905
1550,480,1550,5000,3350,1905
1690,280,1690,5000,3355,1905
10,0,10,5000,5135,1905
1420,270,1420,5000,3340,1900
1350,780,1350,5000,3345,1900
1390,390,1390,5000,3350,1900
1670,170,1670,5000,3355,1900
10,0,10,5000,5135,1900
1970,360,1970,5000,3210,1895
1540,320,1540,5000,3215,1895
2490,790,2490,5000,3300,1895
1060,270,1060,5000,3305,1895
1390,420,1390,5000,3310,1895
1660,310,1660,5000,3315,1895
1530,350,1530,5000,3340,1895
1680,780,1680,5000,3345,1895
2280,520,2280,5000,3210,1890
1560,370,1560,5000,3215,1890
2340,640,2340,5000,3300,1890
2420,740,2420,5000,3305,1890
2260,1100,2260,5000,3310,1890
1500,590,1500,5000,3315,1890
1130,250,1130,5000,3340,1890
1700,490,1700,5000,3345,1890
3210,640,3210,5000,3210,1885
2190,590,2190,5000,3215,1885
2600,890,2600,5000,3310,1885
1930,600,1930,5000,3315,1885
2300,790,2300,5000,4880,1885
2910,740,2910,5000,3210,1880
2260,500,2260,5000,3215,1880
1550,310,1550,5000,3310,1880
2130,330,2130,5000,3315,1880
2020,410,2020,5000,3320,1875
2680,730,2680,5000,3325,1875
5220,1530,5230,5000,4860,1875
1930,630,1940,5000,4865,1875
1340,680,1340,5000,3320,1870
2020,680,2020,5000,3325,1870
1010,190,1010,5000,4845,1870
NA,NA,NA,5000,4860,1870
900,180,900,5000,4865,1870
600,120,600,5000,4860,1865
NA,NA,NA,5000,4865,1865
2890,860,2900,5000,4860,1860
2850,1130,2850,5000,4865,1860
620,310,620,5000,4900,1860
1340,840,1340,5000,4905,1860
700,330,710,5000,4870,1855
1680,820,1690,5000,4875,1855
550,250,550,5000,4900,1855
1360,720,1360,5000,4905,1855
1560,710,1560,5000,4870,1850
380,100,380,5000,4875,1850
620,420,620,5000,4900,1850
1550,460,1550,5000,4910,1845
NA,NA,NA,5000,4835,1835
3580,2210,3580,5000,4930,1835
5020,2970,5020,5000,4935,1835
NA,NA,NA,5000,4930,1830
560,310,560,5000,4935,1830
740,380,740,5000,4905,1825
730,540,730,5000,4910,1825
3440,1980,3440,5000,4930,1825
920,760,930,5000,4935,1825
5710,1560,5720,5000,4900,1820
1990,1070,1990,5000,4905,1820
NA,NA,NA,5000,4930,1820
920,380,920,5000,4935,1820
1720,1240,1720,5000,3020,1805
1600,970,1600,5000,3025,1805
1370,420,1370,5000,4905,1805
7520,4750,7520,5000,4910,1805
2350,920,2350,5000,4915,1805
2470,1690,2470,5000,3020,1800
1860,1480,1860,5000,3025,1800
NA,NA,NA,5000,4905,1800
4290,2150,4290,5000,4910,1800
2170,1340,2170,5000,3320,1795
1130,420,1130,5000,3325,1795
880,300,880,5000,3330,1795
1720,1110,1720,5000,3335,1795
3050,880,3060,5000,4905,1795
2510,1510,2520,5000,4910,1795
30,0,30,5000,5820,1795
1630,490,1630,5000,3320,1790
1160,460,1160,5000,3325,1790
590,350,590,5000,3330,1790
1520,460,1520,5000,3335,1790
1190,650,1190,5000,4900,1790
320,120,320,5000,4905,1790
2170,1260,2170,5000,4910,1790
20,0,20,5000,5820,1790
720,220,720,5000,3330,1785
1590,760,1590,5000,3335,1785
800,520,800,5000,4890,1785
1270,540,1270,5000,4895,1785
2250,290,2250,5000,3330,1780
1330,660,1330,5000,3335,1780
3000,1040,3010,5000,4890,1780
3660,1850,3660,5000,4895,1780
960,500,960,5000,4900,1775
NA,NA,NA,5000,4905,1775
NA,NA,NA,5000,5290,1775
1400,450,1400,5000,5295,1775
1770,390,1770,5000,5295,1770
570,60,570,5000,4880,1765
590,190,590,5000,4885,1765
700,80,700,5000,5295,1765
NA,NA,NA,5000,2635,1760
600,120,600,5000,4880,1760
760,200,760,5000,4885,1760
NA,NA,NA,5000,5640,1760
NA,NA,NA,5000,4220,1755
140,0,140,5000,5730,1755
90,0,90,5000,5735,1755
10,0,10,5000,5740,1755
NA,NA,NA,5000,4830,1750
1030,120,1030,5000,4835,1750
70,0,70,5000,5730,1750
30,0,30,5000,5735,1750
1380,640,1380,5000,3300,1745
1840,1390,1840,5000,3305,1745
410,60,420,5000,4830,1745
1370,420,1370,5000,4835,1745
810,280,810,5000,4845,1745
2480,870,2500,5000,4850,1745
1020,480,1030,5000,4855,1745
1390,490,1390,5000,3300,1740
1410,770,1410,5000,3305,1740
NA,NA,NA,5000,4595,1740
NA,NA,NA,5000,4600,1740
NA,NA,NA,5000,4765,1740
NA,NA,NA,5000,4830,1740
740,190,740,5000,4835,1740
530,90,540,5000,4840,1740
2330,660,2340,5000,4845,1740
630,120,640,5000,4850,1740
550,290,550,5000,3230,1735
1560,690,1560,5000,3235,1735
1120,380,1120,5000,3290,1735
1060,460,1060,5000,3295,1735
1870,610,1880,5000,4840,1735
190,120,200,5000,4845,1735
1020,350,1020,5000,4890,1735
760,390,760,5000,4895,1735
210,0,210,5000,5230,1735
240,0,240,5000,5235,1735
2110,960,2110,5000,3230,1730
2650,1300,2650,5000,3235,1730
790,320,790,5000,3290,1730
1750,240,1750,5000,3295,1730
810,330,810,5000,4840,1730
2270,830,2280,5000,4845,1730
340,190,350,5000,4890,1730
670,150,670,5000,4895,1730
650,280,650,5000,4840,1725
470,200,470,5000,4845,1725
1950,810,1960,5000,4850,1725
1560,420,1560,5000,4855,1725
1660,410,1660,5000,4840,1720
1720,620,1720,5000,4845,1720
1600,880,1600,5000,4850,1720
1720,260,1720,5000,4855,1720
1450,840,1450,5000,3190,1715
1380,790,1380,5000,3195,1715
1420,800,1420,5000,3210,1715
1690,990,1690,5000,3215,1715
290,130,290,5000,4840,1715
1700,660,1700,5000,4845,1715
1230,230,1230,5000,4850,1715
2220,1250,2220,5000,4855,1715
870,210,880,5000,4880,1715
420,200,420,5000,4885,1715
30,0,40,5000,5640,1715
1060,190,1060,5000,3190,1710
1040,180,1050,5000,3195,1710
2130,1210,2130,5000,3210,1710
1640,1020,1640,5000,3215,1710
490,260,490,5000,4840,1710
3180,1260,3180,5000,4845,1710
870,390,870,5000,4850,1710
2000,1170,2000,5000,3210,1705
1580,1350,1580,5000,3215,1705
850,180,850,5000,3250,1705
710,250,710,5000,3255,1705
970,520,970,5000,3260,1705
540,320,540,5000,3265,1705
1110,430,1110,5000,4840,1705
620,210,630,5000,4845,1705
1230,430,1230,5000,4860,1705
1010,390,1010,5000,4865,1705
540,0,550,5000,5260,1705
360,0,370,5000,5265,1705
1920,620,1920,5000,3210,1700
1980,1720,1980,5000,3215,1700
790,240,790,5000,3250,1700
1150,430,1150,5000,3255,1700
430,320,430,5000,3260,1700
700,540,700,5000,3265,1700
1480,510,1490,5000,4840,1700
550,160,550,5000,4860,1700
1020,470,1030,5000,4865,1700
450,0,450,5000,5260,1700
230,0,230,5000,5265,1700
2100,1070,2100,5000,3210,1695
1800,1040,1800,5000,3215,1695
1300,1040,1300,5000,3220,1695
2290,1690,2290,5000,3225,1695
2000,770,2000,5000,3230,1695
1520,720,1520,5000,3235,1695
1130,580,1130,5000,3240,1695
1370,570,1370,5000,3245,1695
1390,840,1390,5000,3250,1695
1560,890,1560,5000,3255,1695
1680,1180,1680,5000,3260,1695
520,320,520,5000,3265,1695
2010,1360,2010,5000,3210,1690
1310,1010,1310,5000,3215,1690
830,460,830,5000,3220,1690
620,430,620,5000,3225,1690
770,530,770,5000,3230,1690
1220,620,1220,5000,3235,1690
1800,710,1800,5000,3240,1690
1680,940,1680,5000,3245,1690
1050,480,1050,5000,3250,1690
1500,850,1500,5000,3255,1690
1370,1150,1370,5000,3260,1690
560,410,560,5000,3265,1690
1430,980,1430,5000,3230,1685
860,610,860,5000,3235,1685
7820,2370,7830,5000,4815,1685
3840,1810,3850,5000,4860,1685
600,420,600,5000,3230,1680
580,180,580,5000,3235,1680
400,140,400,5000,4860,1680
3660,1060,3660,5000,4610,1675
34860,8460,34870,5000,4615,1675
NA,NA,NA,5000,6075,1675
6540,2130,6540,5000,4610,1670
950,230,950,5000,4615,1670
80,0,80,5000,4670,1670
2390,1020,2390,5000,4675,1670
NA,NA,NA,5000,4755,1665
540,250,540,5000,4590,1655
3050,950,3050,5000,4600,1655
2890,870,2890,5000,4680,1655
NA,NA,NA,5000,4685,1655
3330,1620,3330,5000,4700,1655
NA,NA,NA,5000,4705,1655
2770,1290,2770,5000,4595,1650
NA,NA,NA,5000,4605,1650
3630,1070,3640,5000,4685,1650
15690,7790,15690,5000,4715,1650
1370,50,1370,5000,2990,1645
1610,130,1610,5000,2995,1645
1190,270,1190,5000,3000,1645
820,200,820,5000,3005,1645
800,120,800,5000,3050,1645
500,50,500,5000,3055,1645
260,0,260,5000,4640,1645
NA,NA,NA,5000,4645,1645
5050,1600,5050,5000,4650,1645
5620,1510,5620,5000,4665,1645
11970,4640,11980,5000,4725,1645
290,50,290,5000,4775,1645
460,100,460,5000,4780,1645
1030,50,1030,5000,2990,1640
1000,100,1000,5000,2995,1640
560,100,560,5000,3000,1640
930,270,930,5000,3005,1640
930,120,930,5000,3050,1640
1610,160,1610,5000,3055,1640
1940,310,1940,5000,4640,1640
NA,NA,NA,5000,4645,1640
NA,NA,NA,5000,4665,1640
3400,1850,3400,5000,4705,1640
40,0,40,5000,4770,1640
670,150,670,5000,4775,1640
3340,540,3340,5000,4780,1640
170,0,170,5000,3030,1635
270,0,270,5000,3035,1635
2310,1030,2320,5000,4585,1635
1490,810,1490,5000,4770,1635
820,190,820,5000,4775,1635
NA,NA,NA,5000,4580,1630
1280,170,1280,5000,4585,1630
7380,1770,7390,5000,4625,1630
1330,450,1330,5000,4770,1630
1140,200,1140,5000,4775,1630
10,0,10,5000,3020,1625
280,20,280,5000,3120,1625
290,80,290,5000,3125,1625
1110,370,1110,5000,4595,1625
2570,650,2580,5000,4605,1625
3150,720,3150,5000,4610,1625
NA,NA,NA,5000,4705,1625
2840,710,2840,5000,4770,1625
2090,360,2090,5000,4775,1625
510,20,510,5000,3120,1620
200,40,200,5000,3125,1620
1510,50,1510,5000,4625,1620
5740,720,5750,5000,4630,1620
16330,4630,16330,5000,4700,1620
NA,NA,NA,5000,4705,1620
10390,2450,10390,5000,4770,1620
4940,1370,4950,5000,4775,1620
NA,NA,NA,5000,3145,1615
4560,1120,4560,5000,4580,1615
2730,440,2730,5000,4585,1615
NA,NA,NA,5000,4585,1610
NA,NA,NA,5000,4585,1605
1240,140,1240,5000,4590,1605
5860,750,5860,5000,4595,1605
110,0,110,5000,5470,1605
270,0,280,5000,5475,1605
70,0,70,5000,5475,1600
NA,NA,NA,5000,2905,1585
1670,120,1670,5000,4670,1585
4360,140,4360,5000,4675,1585
2210,250,2210,5000,4670,1580
NA,NA,NA,5000,4675,1580
NA,NA,NA,5000,4650,1575
8340,550,8340,5000,4655,1575
4750,160,4750,5000,4710,1575
210,0,210,5000,4715,1575
2380,310,2380,5000,4740,1575
8040,2570,8050,5000,4745,1575
90,0,90,5000,4650,1570
NA,NA,NA,5000,4670,1570
4750,220,4760,5000,4710,1570
90,0,90,5000,4715,1570
2400,230,2400,5000,4745,1570
NA,NA,NA,5000,4665,1565
8020,650,8020,5000,4700,1565
230,0,230,5000,4770,1560
20,0,20,5000,5880,1560
20,0,20,5000,1800,1540
30,0,30,5000,5775,1500
1030,300,1030,5000,5620,1465
810,330,810,5000,5625,1465
NA,NA,NA,5000,4555,1385
NA,NA,NA,5000,4560,1385
NA,NA,NA,5000,1595,1140
420,30,420,5000,1595,1125
960,40,960,5000,1595,1120
60,0,60,5000,1635,1035
NA,NA,NA,5000,1915,940
NA,NA,NA,10000,4760,5190
NA,NA,NA,10000,4890,5120
400,0,400,10000,4510,5050
520,0,520,10000,4510,5040
NA,NA,NA,10000,4730,4920
NA,NA,NA,10000,4780,4920
NA,NA,NA,10000,4570,4740
NA,NA,NA,10000,4490,4350
NA,NA,NA,10000,5280,4270
NA,NA,NA,10000,4250,4240
NA,NA,NA,10000,5200,4230
NA,NA,NA,10000,4850,4150
NA,NA,NA,10000,5360,3990
1950,830,1950,10000,5360,3890
2770,580,2770,10000,5370,3890
3430,970,3440,10000,5360,3880
2020,980,2020,10000,5370,3880
NA,NA,NA,10000,4170,3870
5780,2800,5780,10000,5320,3810
4630,650,4630,10000,5330,3810
5450,1380,5450,10000,5320,3800
6710,1260,6720,10000,5330,3800
NA,NA,NA,10000,4450,3770
4450,880,4450,10000,4320,3710
5510,440,5510,10000,4330,3710
7000,420,7000,10000,4320,3700
5000,240,5000,10000,4330,3700
NA,NA,NA,10000,4380,3700
2310,0,2310,10000,4600,3670
2240,0,2240,10000,4610,3670
NA,NA,NA,10000,4680,3670
NA,NA,NA,10000,5010,3670
2340,0,2340,10000,4610,3660
9270,1370,9270,10000,4280,3630
9340,800,9340,10000,4290,3630
6820,1920,6820,10000,4280,3620
7730,660,7730,10000,4290,3620
NA,NA,NA,10000,4640,3550
NA,NA,NA,10000,4480,3540
2760,820,2760,10000,5100,3530
2910,810,2910,10000,5120,3530
5730,1180,5730,10000,5130,3530
7620,1650,7630,10000,5140,3530
7270,840,7280,10000,5170,3530
7270,580,7280,10000,5180,3530
4950,760,4960,10000,5190,3530
1340,0,1340,10000,4770,3520
NA,NA,NA,10000,4950,3520
4370,1010,4380,10000,5100,3520
5990,920,5990,10000,5120,3520
4300,590,4310,10000,5130,3520
6080,930,6080,10000,5170,3520
6780,930,6780,10000,5180,3520
5760,800,5760,10000,5190,3520
5890,530,5900,10000,4960,3510
5680,570,5680,10000,4970,3510
5200,710,5210,10000,5000,3510
5610,230,5610,10000,5010,3510
7140,760,7150,10000,5120,3510
5190,740,5200,10000,5130,3510
8390,610,8400,10000,5140,3510
7350,980,7360,10000,5150,3510
3520,990,3530,10000,5170,3510
3160,240,3170,10000,5180,3510
720,180,720,10000,5190,3510
510,0,510,10000,5250,3510
6020,410,6020,10000,4960,3500
7310,820,7310,10000,4970,3500
6310,880,6320,10000,5000,3500
6190,580,6200,10000,5010,3500
5830,1030,5830,10000,5120,3500
4800,480,4810,10000,5130,3500
7380,470,7390,10000,5140,3500
3440,150,3450,10000,5160,3500
1020,100,1020,10000,5170,3500
6260,630,6260,10000,4960,3490
6480,1670,6480,10000,4970,3490
5360,400,5360,10000,4980,3490
2670,680,2680,10000,4990,3490
9790,350,9800,10000,5020,3490
8500,360,8500,10000,5030,3490
3160,530,3160,10000,5080,3490
7340,430,7350,10000,5090,3490
6910,1370,6920,10000,5100,3490
5570,1460,5570,10000,5110,3490
3470,590,3470,10000,5120,3490
5460,790,5460,10000,5130,3490
6550,1050,6560,10000,4960,3480
5650,2210,5650,10000,4970,3480
5610,1110,5610,10000,4980,3480
6790,810,6790,10000,4990,3480
6110,930,6110,10000,5020,3480
6690,500,6690,10000,5030,3480
5550,940,5560,10000,5080,3480
3460,320,3460,10000,5090,3480
2840,560,2840,10000,5100,3480
4150,340,4150,10000,5110,3480
8030,770,8040,10000,5120,3480
4470,810,4480,10000,5130,3480
4820,1430,4820,10000,4980,3470
6750,1770,6750,10000,4990,3470
3240,350,3250,10000,5000,3470
4490,1080,4500,10000,5010,3470
4250,660,4260,10000,5020,3470
6680,990,6680,10000,5030,3470
7020,230,7030,10000,5200,3470
3230,220,3240,10000,5210,3470
4370,1160,4370,10000,4980,3460
5830,1500,5830,10000,4990,3460
3490,780,3500,10000,5000,3460
4380,670,4380,10000,5010,3460
3880,260,3880,10000,5020,3460
3710,720,3720,10000,5030,3460
5400,520,5410,10000,5200,3460
1590,720,1590,10000,4740,3450
3090,880,3090,10000,4750,3450
5600,280,5600,10000,5200,3450
5440,820,5450,10000,5210,3450
3700,1060,3700,10000,4750,3440
5050,340,5060,10000,5200,3440
8130,420,8140,10000,5210,3440
1730,690,1740,10000,4700,3430
6270,630,6270,10000,4710,3430
3060,1200,3060,10000,4720,3430
1760,640,1760,10000,4730,3430
4780,1110,4780,10000,4740,3430
1480,570,1490,10000,4750,3430
6680,1340,6680,10000,5100,3430
7350,310,7350,10000,5120,3430
7560,300,7570,10000,5130,3430
6750,720,6750,10000,4700,3420
5160,490,5160,10000,4710,3420
5890,1420,5890,10000,4720,3420
4500,930,4510,10000,4730,3420
5940,1720,5940,10000,4740,3420
4820,1970,4820,10000,4750,3420
5870,410,5870,10000,5100,3420
7890,630,7890,10000,5110,3420
6890,540,6890,10000,5120,3420
6640,330,6640,10000,5130,3420
5860,450,5860,10000,4700,3410
4970,1470,4970,10000,4710,3410
3700,820,3700,10000,4720,3410
2840,1360,2850,10000,4730,3410
5870,3370,5880,10000,4740,3410
3330,1090,3330,10000,4750,3410
4470,1210,4470,10000,5000,3410
4390,760,4390,10000,5010,3410
6550,330,6550,10000,5120,3410
6930,480,6930,10000,5130,3410
7160,2110,7160,10000,4700,3400
2620,460,2620,10000,4710,3400
2720,790,2720,10000,4720,3400
5670,2560,5670,10000,4730,3400
4220,1400,4220,10000,4740,3400
1450,380,1450,10000,4750,3400
7750,180,7750,10000,5000,3400
7630,400,7630,10000,5010,3400
9180,190,9200,10000,5120,3400
5950,120,5960,10000,5130,3400
6230,1640,6230,10000,4700,3390
5520,1230,5520,10000,4710,3390
1860,810,1860,10000,4710,3380
5830,110,5840,10000,5040,3330
6870,140,6870,10000,5050,3330
5580,230,5580,10000,5040,3320
5900,120,5910,10000,5050,3320
3610,170,3620,10000,5220,3290
4130,410,4130,10000,5230,3290
7540,590,7550,10000,5220,3280
6040,630,6040,10000,5230,3280
3660,140,3670,10000,5220,3270
6700,250,6700,10000,5230,3270
7510,200,7520,10000,5220,3260
6010,250,6020,10000,5230,3260
4570,960,4580,10000,4660,3190
5850,880,5850,10000,4670,3190
2150,450,2150,10000,4660,3180
5710,1050,5710,10000,4670,3180
4490,210,4520,10000,5220,3110
6640,160,6670,10000,5230,3110
5410,140,5430,10000,5230,3100
4530,260,4550,10000,5200,3090
3430,320,3440,10000,5210,3090
5890,120,5940,10000,5200,3080
4750,140,4780,10000,5210,3080
5740,1220,5740,10000,4700,3070
3450,900,3450,10000,4710,3070
6870,500,6870,10000,4700,3060
3580,600,3580,10000,4710,3060
3280,750,3280,10000,4040,3040
3310,790,3310,10000,4050,3040
3560,1240,3560,10000,4000,3030
1750,750,1750,10000,4010,3030
1960,1020,1960,10000,4020,3030
3220,1430,3220,10000,4030,3030
4660,1950,4660,10000,4040,3030
4690,1500,4690,10000,4050,3030
NA,NA,NA,10000,5240,3030
3180,910,3180,10000,4000,3020
2700,1250,2700,10000,4010,3020
3910,860,3910,10000,4020,3020
3770,960,3770,10000,4030,3020
3950,1260,3950,10000,4040,3020
4940,550,4940,10000,4050,3020
8450,1390,8450,10000,3880,3010
4110,1160,4110,10000,3890,3010
3240,1460,3240,10000,4800,3010
2800,2220,2800,10000,4810,3010
6420,770,6420,10000,3880,3000
4740,850,4740,10000,3890,3000
5650,950,5650,10000,4800,3000
6430,1670,6430,10000,4810,3000
6020,1020,6020,10000,3480,2990
7910,740,7910,10000,3490,2990
4890,730,4890,10000,4000,2990
6420,880,6420,10000,4010,2990
6860,900,6860,10000,3480,2980
6760,860,6760,10000,3490,2980
6060,930,6060,10000,4000,2980
3910,780,3910,10000,4010,2980
2120,590,2120,10000,3980,2970
2820,520,2820,10000,3990,2970
2640,1030,2640,10000,3980,2960
4360,1700,4360,10000,3990,2960
900,0,900,10000,3470,2950
2180,300,2180,10000,3360,2940
630,0,630,10000,3470,2940
7300,770,7300,10000,3480,2930
8250,840,8250,10000,3490,2930
8990,670,8990,10000,3500,2930
8390,880,8390,10000,3510,2930
7890,890,7890,10000,3480,2920
6550,500,6550,10000,3490,2920
7500,420,7500,10000,3500,2920
7640,940,7640,10000,3510,2920
3960,1480,3960,10000,4560,2910
4380,850,4380,10000,4570,2910
3860,1840,3860,10000,4560,2900
3550,2250,3550,10000,4570,2900
NA,NA,NA,10000,3230,2870
6350,530,6350,10000,3300,2870
5620,420,5620,10000,3310,2870
4260,740,4260,10000,3320,2870
4940,1480,4940,10000,3330,2870
4790,2260,4790,10000,4100,2870
6820,2720,6820,10000,4110,2870
6240,940,6250,10000,4700,2870
5260,1200,5260,10000,4710,2870
6300,3920,6310,10000,4730,2870
5610,800,5610,10000,3300,2860
5660,700,5660,10000,3310,2860
5870,780,5870,10000,3320,2860
5230,940,5230,10000,3330,2860
6840,1380,6840,10000,4100,2860
6740,2190,6740,10000,4110,2860
6710,1260,6720,10000,4700,2860
4950,1290,4950,10000,4710,2860
6250,2900,6250,10000,4720,2860
4740,1580,4740,10000,4730,2860
4610,520,4610,10000,3280,2850
6050,460,6050,10000,3290,2850
8420,660,8420,10000,3440,2850
6200,650,6200,10000,3450,2850
4480,560,4480,10000,3460,2850
5630,610,5630,10000,3470,2850
6640,1010,6640,10000,3480,2850
8410,690,8410,10000,3490,2850
4020,3210,4020,10000,4640,2850
5550,3770,5550,10000,4650,2850
5400,2290,5410,10000,4680,2850
6150,1260,6150,10000,4690,2850
5600,1520,5610,10000,4700,2850
2900,860,2900,10000,4710,2850
5150,1600,5150,10000,4720,2850
5410,2370,5410,10000,4730,2850
6930,2420,6930,10000,4740,2850
7680,2230,7690,10000,4750,2850
7790,990,7790,10000,4760,2850
8250,1510,8250,10000,4770,2850
4440,550,4440,10000,4800,2850
13470,820,13470,10000,4810,2850
4500,410,4510,10000,5240,2850
3900,200,3900,10000,5250,2850
NA,NA,NA,10000,3280,2840
5620,510,5620,10000,3290,2840
5000,590,5000,10000,3440,2840
2030,580,2030,10000,3450,2840
6170,1560,6170,10000,3460,2840
5330,910,5330,10000,3470,2840
9000,630,9000,10000,3480,2840
7420,700,7420,10000,3490,2840
4070,2590,4070,10000,4640,2840
6710,5040,6710,10000,4650,2840
5530,860,5530,10000,4690,2840
3740,540,3740,10000,4700,2840
2340,930,2340,10000,4710,2840
4500,1470,4510,10000,4720,2840
4660,2320,4660,10000,4730,2840
7680,2500,7690,10000,4740,2840
7060,910,7070,10000,4750,2840
4460,510,4460,10000,4760,2840
4620,1300,4620,10000,4770,2840
5990,1280,5990,10000,4800,2840
7860,820,7860,10000,4810,2840
5270,310,5280,10000,5240,2840
5850,540,5860,10000,5250,2840
4570,580,4570,10000,3440,2830
5590,850,5590,10000,3450,2830
3430,830,3440,10000,4630,2830
2340,1260,2340,10000,4660,2830
4160,500,4170,10000,4700,2830
4460,430,4470,10000,4710,2830
5700,1230,5700,10000,4720,2830
2650,480,2660,10000,4730,2830
4560,990,4580,10000,4740,2830
6950,1420,6950,10000,4750,2830
5420,1030,5430,10000,4760,2830
8030,1330,8030,10000,4770,2830
7310,960,7310,10000,4780,2830
6240,730,6240,10000,4790,2830
5000,1130,5000,10000,4800,2830
6140,1850,6140,10000,4810,2830
6040,970,6040,10000,3440,2820
6040,480,6040,10000,3450,2820
6210,470,6210,10000,4580,2820
3390,480,3390,10000,4590,2820
5100,1200,5100,10000,4640,2820
2010,800,2010,10000,4680,2820
1610,300,1610,10000,4690,2820
4320,1170,4330,10000,4700,2820
4650,760,4650,10000,4710,2820
2120,400,2130,10000,4720,2820
2660,440,2670,10000,4730,2820
5280,210,5290,10000,4740,2820
5180,480,5180,10000,4750,2820
7000,820,7000,10000,4760,2820
5550,990,5550,10000,4770,2820
2980,420,2980,10000,4780,2820
7300,1410,7300,10000,4790,2820
6110,2470,6110,10000,4800,2820
5860,640,5860,10000,3380,2810
4610,680,4610,10000,3390,2810
6010,390,6010,10000,3400,2810
5160,820,5160,10000,3410,2810
7300,460,7300,10000,3440,2810
7460,780,7460,10000,3450,2810
6340,310,6340,10000,4580,2810
5390,590,5400,10000,4590,2810
4880,630,4890,10000,4610,2810
5070,1370,5080,10000,4620,2810
3290,840,3300,10000,4680,2810
1280,440,1280,10000,4690,2810
3600,380,3600,10000,4700,2810
2760,350,2770,10000,4710,2810
3780,380,3780,10000,4740,2810
7290,380,7290,10000,4750,2810
9330,2630,9330,10000,4800,2810
7050,1870,7050,10000,4810,2810
5530,2570,5530,10000,4820,2810
4280,1240,4280,10000,4830,2810
6640,380,6680,10000,5280,2810
7770,2130,7790,10000,5290,2810
5160,1090,5160,10000,3380,2800
6590,760,6590,10000,3390,2800
6100,1030,6100,10000,3400,2800
4590,690,4590,10000,3410,2800
6080,1020,6080,10000,3440,2800
6860,1110,6860,10000,3450,2800
7750,660,7760,10000,4580,2800
7480,460,7480,10000,4590,2800
7730,830,7740,10000,4600,2800
6150,570,6160,10000,4610,2800
5620,1080,5630,10000,4620,2800
3900,770,3910,10000,4630,2800
2600,350,2600,10000,4640,2800
5110,600,5120,10000,4650,2800
5120,810,5120,10000,4660,2800
5570,940,5580,10000,4670,2800
3310,430,3320,10000,4680,2800
3330,760,3340,10000,4690,2800
3470,240,3480,10000,4700,2800
4310,480,4320,10000,4710,2800
6690,340,6710,10000,4740,2800
5530,550,5540,10000,4750,2800
3910,1460,3910,10000,4800,2800
9730,500,9730,10000,4810,2800
6490,1600,6490,10000,4820,2800
4550,1140,4550,10000,4830,2800
8030,180,8060,10000,5280,2800
5500,510,5520,10000,5290,2800
8320,2240,8320,10000,3420,2790
9530,1860,9530,10000,3430,2790
6900,1260,6900,10000,3440,2790
6820,1170,6820,10000,3450,2790
8080,1140,8080,10000,3480,2790
7570,1610,7570,10000,3490,2790
6900,1360,6900,10000,3500,2790
7290,1140,7290,10000,3510,2790
6650,1190,6650,10000,3520,2790
9270,1240,9270,10000,3530,2790
7460,530,7460,10000,4560,2790
6290,780,6290,10000,4570,2790
6960,750,6970,10000,4580,2790
6450,1240,6460,10000,4590,2790
6100,730,6110,10000,4600,2790
6210,750,6220,10000,4610,2790
4990,600,4990,10000,4620,2790
5780,440,5790,10000,4630,2790
7050,1660,7060,10000,4640,2790
7160,240,7180,10000,4650,2790
6050,690,6060,10000,4660,2790
5910,470,5920,10000,4670,2790
6140,470,6150,10000,4680,2790
3890,380,3900,10000,4690,2790
8880,2970,8890,10000,4700,2790
5310,970,5320,10000,4710,2790
7730,460,7740,10000,4720,2790
4870,420,4880,10000,4730,2790
4940,590,4940,10000,4740,2790
3950,630,3950,10000,4750,2790
900,220,900,10000,4780,2790
4390,1750,4390,10000,4790,2790
7250,3060,7250,10000,4800,2790
5400,1490,5400,10000,4810,2790
6150,3330,6150,10000,4820,2790
9230,3880,9230,10000,4830,2790
6030,2550,6030,10000,3420,2780
4250,1690,4250,10000,3430,2780
7730,2690,7730,10000,3440,2780
8250,1620,8250,10000,3450,2780
7920,790,7920,10000,3480,2780
6950,1290,6950,10000,3490,2780
7670,720,7670,10000,3500,2780
7390,990,7390,10000,3510,2780
6540,1050,6540,10000,3520,2780
5680,1310,5680,10000,3530,2780
3690,340,3690,10000,4560,2780
5020,680,5030,10000,4570,2780
4320,970,4320,10000,4580,2780
6290,730,6290,10000,4600,2780
6160,440,6170,10000,4610,2780
7150,480,7160,10000,4620,2780
7660,410,7680,10000,4630,2780
6770,600,6780,10000,4640,2780
5540,510,5550,10000,4650,2780
6820,580,6830,10000,4660,2780
6560,450,6560,10000,4670,2780
6380,760,6390,10000,4680,2780
6120,970,6120,10000,4690,2780
7250,1010,7260,10000,4700,2780
6160,1490,6160,10000,4710,2780
4960,1040,4960,10000,4720,2780
3830,1460,3830,10000,4730,2780
1780,700,1780,10000,4780,2780
7200,3910,7200,10000,4790,2780
6290,3490,6300,10000,4800,2780
8140,2650,8140,10000,4810,2780
1900,1160,1900,10000,4820,2780
7250,2930,7250,10000,3420,2770
6540,1170,6540,10000,3430,2770
7860,2390,7860,10000,3440,2770
4390,1220,4390,10000,3450,2770
7170,730,7170,10000,3500,2770
7550,530,7550,10000,3510,2770
5490,1230,5500,10000,4530,2770
5910,1580,5910,10000,4540,2770
5660,1670,5660,10000,4550,2770
3180,330,3180,10000,4570,2770
6020,1130,6020,10000,4580,2770
4070,640,4070,10000,4590,2770
5540,210,5550,10000,4600,2770
6010,230,6020,10000,4610,2770
7720,460,7730,10000,4620,2770
7420,1250,7430,10000,4630,2770
5940,960,5940,10000,4640,2770
3910,1030,3910,10000,4650,2770
6000,1440,6010,10000,4660,2770
2970,1320,2970,10000,4700,2770
3130,1210,3130,10000,4710,2770
5060,1670,5070,10000,4780,2770
3730,580,3730,10000,4790,2770
5520,1450,5530,10000,4800,2770
2690,840,2700,10000,4810,2770
7660,1360,7780,10000,5280,2770
5320,990,5450,10000,5290,2770
6680,1350,6680,10000,3420,2760
6110,930,6110,10000,3430,2760
6280,910,6280,10000,3440,2760
6240,1050,6240,10000,3450,2760
7120,700,7120,10000,3500,2760
5420,410,5420,10000,3510,2760
6070,2730,6070,10000,4540,2760
3990,970,3990,10000,4570,2760
4480,370,4490,10000,4580,2760
3290,480,3290,10000,4590,2760
3870,180,3870,10000,4600,2760
3590,630,3600,10000,4610,2760
4600,920,4600,10000,4620,2760
3450,940,3450,10000,4630,2760
2230,640,2230,10000,4640,2760
2400,690,2400,10000,4650,2760
1880,1000,1880,10000,4670,2760
2020,890,2020,10000,4680,2760
1500,980,1500,10000,4690,2760
530,340,530,10000,4700,2760
680,400,680,10000,4710,2760
2870,1360,2870,10000,4780,2760
5880,1710,5880,10000,4790,2760
4670,3730,4670,10000,4810,2760
4410,370,4500,10000,5280,2760
5050,400,5180,10000,5290,2760
6610,980,6610,10000,3500,2750
5070,1220,5070,10000,3510,2750
4400,1420,4400,10000,4540,2750
1430,320,1440,10000,4580,2750
380,130,380,10000,4590,2750
NA,NA,NA,10000,4620,2750
1210,400,1210,10000,4630,2750
890,550,890,10000,4710,2750
2140,860,2140,10000,4760,2750
3390,1070,3400,10000,4770,2750
2720,510,2720,10000,4780,2750
640,130,640,10000,4790,2750
7060,140,7140,10000,5280,2750
5850,370,6000,10000,5290,2750
6600,590,6600,10000,3500,2740
6760,1300,6760,10000,3510,2740
3480,460,3490,10000,4540,2740
2440,1190,2450,10000,4550,2740
1010,490,1010,10000,4570,2740
1290,290,1290,10000,4580,2740
450,230,450,10000,4590,2740
1500,620,1500,10000,4630,2740
190,0,190,10000,4710,2740
2520,470,2520,10000,4760,2740
3000,430,3000,10000,4770,2740
3450,670,3450,10000,4780,2740
3680,610,3680,10000,4790,2740
5660,130,5710,10000,5280,2740
6040,90,6150,10000,5290,2740
7650,1930,7650,10000,3420,2730
3460,910,3460,10000,3430,2730
4100,1400,4100,10000,3440,2730
4410,1730,4410,10000,3450,2730
8210,730,8210,10000,3480,2730
7690,1170,7690,10000,3490,2730
8520,1370,8520,10000,3500,2730
7960,1010,7960,10000,3510,2730
4860,610,4860,10000,3560,2730
5020,410,5020,10000,3570,2730
2860,430,2860,10000,4210,2730
910,280,910,10000,4720,2730
2160,430,2170,10000,4730,2730
600,120,600,10000,4760,2730
2460,660,2470,10000,4770,2730
4320,1090,4320,10000,4780,2730
3940,940,3940,10000,4790,2730
4150,1090,4150,10000,4800,2730
5840,1520,5840,10000,4810,2730
8270,1430,8270,10000,3420,2720
5690,1670,5690,10000,3430,2720
6150,2170,6150,10000,3440,2720
7580,1680,7580,10000,3450,2720
8160,530,8160,10000,3480,2720
8000,910,8000,10000,3490,2720
4400,810,4400,10000,3500,2720
8350,720,8350,10000,3510,2720
3670,410,3670,10000,3560,2720
2870,310,2870,10000,3570,2720
4060,1060,4060,10000,4210,2720
3300,470,3300,10000,4260,2720
4360,1930,4360,10000,4480,2720
1760,1200,1760,10000,4500,2720
1310,880,1310,10000,4510,2720
1560,1230,1570,10000,4560,2720
2230,470,2230,10000,4720,2720
1830,370,1840,10000,4730,2720
2020,590,2030,10000,4760,2720
4520,1200,4520,10000,4780,2720
2850,1110,2860,10000,4790,2720
2190,1800,2190,10000,4800,2720
3330,950,3330,10000,4810,2720
8890,2160,8890,10000,3500,2710
6610,640,6610,10000,3510,2710
4570,340,4570,10000,4200,2710
5330,770,5330,10000,4220,2710
5970,610,5970,10000,4230,2710
6470,900,6470,10000,4240,2710
5310,960,5310,10000,4250,2710
6760,1120,6760,10000,4260,2710
2870,210,2870,10000,4270,2710
1760,490,1760,10000,4460,2710
4360,560,4360,10000,4470,2710
3640,1780,3640,10000,4490,2710
2640,1580,2640,10000,4510,2710
1570,1220,1570,10000,4570,2710
750,540,750,10000,4580,2710
2300,960,2300,10000,4610,2710
2820,1000,2830,10000,4620,2710
2400,1320,2400,10000,4630,2710
960,500,960,10000,4680,2710
2920,730,2920,10000,4690,2710
1410,440,1410,10000,4700,2710
1600,510,1600,10000,4710,2710
2690,520,2690,10000,4740,2710
4220,640,4230,10000,4750,2710
4440,880,4440,10000,4760,2710
3620,870,3630,10000,4770,2710
3070,610,3070,10000,4780,2710
2160,770,2160,10000,4790,2710
8620,1120,8620,10000,3500,2700
8520,1610,8520,10000,3510,2700
3100,330,3100,10000,4200,2700
3210,0,3210,10000,4210,2700
3210,310,3220,10000,4220,2700
4770,1370,4770,10000,4230,2700
5690,410,5690,10000,4240,2700
5820,1370,5820,10000,4250,2700
5140,580,5140,10000,4260,2700
4380,190,4380,10000,4270,2700
4320,820,4320,10000,4280,2700
5910,260,5910,10000,4290,2700
6210,1340,6210,10000,4300,2700
10100,670,10100,10000,4310,2700
5720,1330,5720,10000,4460,2700
3790,1510,3790,10000,4470,2700
3540,930,3540,10000,4500,2700
1440,680,1440,10000,4510,2700
4040,2810,4040,10000,4560,2700
5370,2230,5370,10000,4590,2700
3050,1280,3050,10000,4610,2700
680,410,680,10000,4620,2700
NA,NA,NA,10000,4680,2700
1880,610,1890,10000,4690,2700
900,310,900,10000,4700,2700
NA,NA,NA,10000,4710,2700
3220,580,3220,10000,4740,2700
3450,590,3450,10000,4750,2700
4080,330,4090,10000,4760,2700
4540,490,4550,10000,4770,2700
3770,1030,3770,10000,4780,2700
5410,1380,5420,10000,4790,2700
3450,750,3450,10000,4100,2690
4840,1500,4840,10000,4110,2690
4180,1200,4180,10000,4150,2690
4580,530,4580,10000,4180,2690
4460,1040,4460,10000,4190,2690
2240,820,2240,10000,4200,2690
2540,910,2550,10000,4210,2690
5750,730,5750,10000,4220,2690
5020,910,5020,10000,4230,2690
4590,1190,4590,10000,4240,2690
5680,2010,5680,10000,4250,2690
4530,1420,4530,10000,4280,2690
6410,860,6410,10000,4290,2690
1460,810,1460,10000,4500,2690
1820,840,1820,10000,4510,2690
3310,2020,3310,10000,4520,2690
3780,2250,3780,10000,4530,2690
3380,1980,3380,10000,4540,2690
3950,2070,3950,10000,4550,2690
3400,2050,3400,10000,4560,2690
3040,1320,3040,10000,4570,2690
NA,NA,NA,10000,4640,2690
1400,560,1400,10000,4650,2690
1970,1130,1970,10000,4660,2690
1680,900,1680,10000,4670,2690
4350,1050,4350,10000,4680,2690
2480,740,2480,10000,4690,2690
NA,NA,NA,10000,4700,2690
890,270,900,10000,4710,2690
3010,850,3010,10000,4720,2690
4030,920,4030,10000,4730,2690
3530,340,3530,10000,4740,2690
3630,580,3640,10000,4750,2690
5330,220,5340,10000,4760,2690
3970,160,3980,10000,4770,2690
2030,190,2040,10000,4780,2690
2230,1240,2230,10000,4790,2690
780,0,780,10000,4110,2680
4110,750,4110,10000,4150,2680
4750,610,4750,10000,4180,2680
6280,740,6280,10000,4190,2680
4910,380,4910,10000,4200,2680
1450,220,1450,10000,4210,2680
4330,930,4340,10000,4220,2680
4280,810,4280,10000,4230,2680
3940,690,3940,10000,4240,2680
5330,650,5330,10000,4250,2680
2580,560,2580,10000,4280,2680
5030,700,5030,10000,4290,2680
2440,220,2440,10000,4420,2680
5040,860,5040,10000,4430,2680
5180,3160,5180,10000,4500,2680
4150,2700,4160,10000,4510,2680
2520,1840,2520,10000,4530,2680
2450,980,2450,10000,4540,2680
2020,1370,2020,10000,4550,2680
3370,1020,3370,10000,4560,2680
4220,1950,4220,10000,4640,2680
2030,960,2030,10000,4650,2680
3280,1320,3280,10000,4660,2680
4290,1070,4300,10000,4670,2680
4280,490,4280,10000,4680,2680
610,320,610,10000,4690,2680
1700,500,1700,10000,4700,2680
2380,590,2380,10000,4710,2680
1580,220,1580,10000,4720,2680
2030,540,2030,10000,4730,2680
3400,480,3400,10000,4740,2680
3710,570,3720,10000,4750,2680
3980,710,3990,10000,4760,2680
3500,260,3500,10000,4770,2680
4690,470,4700,10000,4780,2680
5830,2080,5840,10000,4790,2680
6700,860,6700,10000,4160,2670
5990,750,5990,10000,4170,2670
4290,200,4290,10000,4200,2670
7680,1260,7680,10000,4210,2670
3850,740,3850,10000,4220,2670
3200,190,3200,10000,4230,2670
2900,820,2900,10000,4260,2670
4720,220,4720,10000,4460,2670
1970,1630,1970,10000,4580,2670
2270,1480,2270,10000,4590,2670
3230,2620,3230,10000,4610,2670
1770,920,1770,10000,4620,2670
880,640,880,10000,4660,2670
2900,1330,2910,10000,4670,2670
1100,450,1100,10000,4680,2670
960,520,960,10000,4690,2670
3540,950,3540,10000,4700,2670
2930,820,2940,10000,4710,2670
2690,400,2690,10000,4720,2670
1390,330,1390,10000,4730,2670
2420,310,2430,10000,4740,2670
4080,330,4090,10000,4770,2670
8570,1780,8640,10000,5220,2670
6550,840,6630,10000,5230,2670
6830,620,6830,10000,4160,2660
8310,650,8310,10000,4170,2660
4860,810,4860,10000,4200,2660
3780,930,3780,10000,4210,2660
1370,260,1370,10000,4240,2660
1770,360,1770,10000,4250,2660
2890,1060,2890,10000,4590,2660
620,520,620,10000,4600,2660
970,690,970,10000,4610,2660
870,550,870,10000,4630,2660
1910,900,1910,10000,4640,2660
2250,1440,2250,10000,4660,2660
1290,310,1290,10000,4670,2660
3960,1800,3960,10000,4680,2660
2440,1180,2440,10000,4690,2660
2270,700,2270,10000,4700,2660
2060,340,2060,10000,4710,2660
3530,270,3530,10000,4720,2660
3480,100,3490,10000,4730,2660
3730,380,3730,10000,4740,2660
4220,400,4230,10000,4760,2660
8650,290,8790,10000,5220,2660
5530,820,5600,10000,5230,2660
8130,1390,8130,10000,3480,2650
6200,860,6200,10000,3490,2650
6390,2150,6390,10000,4100,2650
7340,1050,7340,10000,4110,2650
7780,440,7780,10000,4140,2650
2270,320,2270,10000,4190,2650
770,350,770,10000,4240,2650
1210,460,1210,10000,4250,2650
1590,280,1590,10000,4270,2650
2720,360,2720,10000,4280,2650
1160,330,1160,10000,4290,2650
NA,NA,NA,10000,4620,2650
1440,700,1450,10000,4630,2650
2390,1140,2390,10000,4640,2650
2000,690,2000,10000,4650,2650
3790,500,3800,10000,4680,2650
3550,520,3560,10000,4690,2650
3270,210,3270,10000,4720,2650
4330,190,4330,10000,4730,2650
4430,100,4430,10000,4740,2650
4890,400,4900,10000,4750,2650
5390,450,5410,10000,4760,2650
3260,460,3280,10000,4770,2650
3010,60,3040,10000,4780,2650
2820,620,2860,10000,4790,2650
7380,380,7380,10000,3480,2640
8160,480,8160,10000,3490,2640
6400,450,6400,10000,4100,2640
5440,630,5440,10000,4110,2640
8370,670,8370,10000,4140,2640
3000,680,3000,10000,4150,2640
780,510,780,10000,4240,2640
940,510,940,10000,4250,2640
2990,350,2990,10000,4280,2640
1620,940,1620,10000,4290,2640
2340,960,2350,10000,4620,2640
2910,1050,2920,10000,4630,2640
2000,460,2010,10000,4640,2640
3650,710,3650,10000,4650,2640
5200,650,5210,10000,4680,2640
2270,210,2270,10000,4690,2640
5470,220,5480,10000,4720,2640
2890,120,2900,10000,4730,2640
4440,330,4440,10000,4740,2640
4760,160,4770,10000,4750,2640
4000,180,4000,10000,4760,2640
5100,220,5110,10000,4770,2640
5200,100,5230,10000,4780,2640
3910,90,3920,10000,4790,2640
NA,NA,NA,10000,3430,2630
3750,0,3750,10000,4040,2630
4420,490,4420,10000,4050,2630
7700,670,7700,10000,4100,2630
4720,720,4730,10000,4110,2630
5940,450,5940,10000,4120,2630
4480,310,4480,10000,4130,2630
7550,200,7550,10000,4140,2630
950,420,950,10000,4190,2630
1680,610,1680,10000,4270,2630
2850,1850,2850,10000,4280,2630
1050,1050,1050,10000,4290,2630
3340,510,3340,10000,4410,2630
5990,250,5990,10000,4460,2630
2260,160,2260,10000,4470,2630
1690,300,1690,10000,4520,2630
3420,460,3420,10000,4530,2630
2540,340,2540,10000,4540,2630
2130,430,2140,10000,4550,2630
2460,910,2470,10000,4620,2630
4810,1820,4810,10000,4630,2630
4650,720,4650,10000,4640,2630
5270,1130,5270,10000,4650,2630
2980,960,2980,10000,4660,2630
3990,720,3990,10000,4680,2630
5400,780,5400,10000,4690,2630
3530,420,3540,10000,4720,2630
3180,330,3180,10000,4730,2630
3540,450,3550,10000,4740,2630
4100,260,4110,10000,4750,2630
4270,300,4290,10000,4760,2630
5970,60,5970,10000,4770,2630
2300,670,2310,10000,4040,2620
5910,1040,5910,10000,4050,2620
3110,260,3110,10000,4130,2620
1170,710,1170,10000,4260,2620
3810,2080,3810,10000,4270,2620
550,510,550,10000,4280,2620
220,220,220,10000,4290,2620
1310,90,1310,10000,4400,2620
2230,170,2230,10000,4410,2620
2910,280,2910,10000,4460,2620
1030,130,1030,10000,4470,2620
1490,300,1490,10000,4520,2620
1240,380,1240,10000,4540,2620
1320,230,1320,10000,4620,2620
2220,500,2230,10000,4630,2620
3100,840,3100,10000,4640,2620
4910,750,4910,10000,4650,2620
4750,840,4760,10000,4660,2620
3100,510,3100,10000,4670,2620
3350,370,3350,10000,4680,2620
2370,520,2370,10000,4690,2620
1680,140,1690,10000,4720,2620
1300,150,1300,10000,4730,2620
1890,200,1900,10000,4740,2620
2840,310,2850,10000,4750,2620
5850,250,5870,10000,4760,2620
4220,200,4240,10000,4770,2620
6780,780,6780,10000,4080,2610
3340,440,3340,10000,4090,2610
2190,750,2190,10000,4100,2610
1710,1120,1710,10000,4280,2610
5580,970,5580,10000,4400,2610
3430,360,3430,10000,4410,2610
2770,200,2770,10000,4420,2610
4230,350,4240,10000,4430,2610
740,400,740,10000,4550,2610
2110,470,2120,10000,4680,2610
2490,340,2490,10000,4690,2610
2860,300,2870,10000,4700,2610
2000,270,2010,10000,4710,2610
760,150,760,10000,4720,2610
1330,130,1330,10000,4740,2610
7350,260,7360,10000,4750,2610
2220,310,2220,10000,4080,2600
740,0,740,10000,4090,2600
810,810,810,10000,4260,2600
950,950,950,10000,4290,2600
720,490,720,10000,4310,2600
1640,40,1640,10000,4400,2600
3590,220,3590,10000,4420,2600
5310,360,5310,10000,4430,2600
1240,410,1240,10000,4540,2600
1210,480,1210,10000,4550,2600
590,260,590,10000,4680,2600
700,270,700,10000,4690,2600
1810,180,1810,10000,4700,2600
3170,200,3190,10000,4710,2600
2050,310,2060,10000,4720,2600
2230,410,2250,10000,4730,2600
3290,200,3310,10000,4740,2600
4170,140,4180,10000,4750,2600
3080,70,3090,10000,4400,2590
2520,120,2520,10000,4640,2590
1110,140,1120,10000,4650,2590
3050,160,3070,10000,4700,2590
2540,120,2560,10000,4710,2590
2780,430,2800,10000,4720,2590
2840,150,2860,10000,4730,2590
4170,270,4200,10000,4740,2590
2830,110,2850,10000,4750,2590
6500,0,6500,10000,5040,2590
2540,10,2610,10000,5260,2590
290,270,290,10000,4210,2580
2340,400,2340,10000,4410,2580
1450,140,1460,10000,4640,2580
3450,130,3460,10000,4650,2580
2900,260,2920,10000,4700,2580
4380,130,4390,10000,4710,2580
3260,190,3270,10000,4720,2580
3810,350,3840,10000,4730,2580
4690,260,4730,10000,4740,2580
3700,150,3730,10000,4750,2580
840,350,840,10000,4140,2570
1850,430,1850,10000,4150,2570
3720,220,3740,10000,4680,2570
2700,290,2710,10000,4690,2570
2210,400,2220,10000,4700,2570
1610,250,1620,10000,4710,2570
2490,260,2510,10000,4720,2570
3690,420,3730,10000,4730,2570
3770,340,3810,10000,4740,2570
3280,140,3290,10000,4750,2570
50,0,50,10000,1100,2560
930,270,930,10000,4150,2560
4130,440,4140,10000,4400,2560
1020,100,1020,10000,4410,2560
2110,130,2130,10000,4680,2560
1950,60,1960,10000,4690,2560
1870,170,1890,10000,4700,2560
1810,210,1820,10000,4710,2560
1980,210,1990,10000,4720,2560
2550,420,2570,10000,4730,2560
2830,450,2850,10000,4740,2560
3110,250,3130,10000,4750,2560
3650,650,3660,10000,4370,2550
5490,360,5500,10000,4560,2550
5450,480,5460,10000,4570,2550
6060,470,6060,10000,4580,2550
1950,200,1960,10000,4590,2550
1130,260,1140,10000,4620,2550
2080,330,2090,10000,4630,2550
2750,320,2760,10000,4640,2550
3390,530,3410,10000,4650,2550
2370,220,2380,10000,4720,2550
2720,110,2730,10000,4730,2550
4080,890,4090,10000,4880,2550
7770,700,7770,10000,4890,2550
2860,280,2860,10000,4370,2540
7110,420,7120,10000,4560,2540
6330,370,6340,10000,4570,2540
4760,480,4770,10000,4580,2540
4110,300,4110,10000,4590,2540
780,190,780,10000,4620,2540
1790,270,1790,10000,4630,2540
2250,160,2260,10000,4640,2540
1940,550,1950,10000,4650,2540
3050,80,3070,10000,4720,2540
4480,90,4510,10000,4730,2540
1200,460,1200,10000,4880,2540
830,150,830,10000,4890,2540
4880,500,4890,10000,3540,2530
5440,840,5440,10000,3550,2530
7380,1080,7380,10000,3880,2530
6050,820,6050,10000,3890,2530
1200,240,1200,10000,4380,2530
1670,390,1670,10000,4390,2530
6930,370,6940,10000,4480,2530
5490,120,5500,10000,4500,2530
5590,440,5590,10000,4510,2530
6950,300,6960,10000,4540,2530
5940,120,5950,10000,4550,2530
1070,120,1090,10000,4600,2530
2390,290,2420,10000,4610,2530
3890,440,3920,10000,4620,2530
690,260,690,10000,4630,2530
1810,360,1820,10000,4660,2530
1600,360,1610,10000,4670,2530
3430,510,3430,10000,4980,2530
34410,1410,34410,10000,4990,2530
7330,490,7330,10000,3540,2520
5460,680,5460,10000,3550,2520
7120,1120,7120,10000,3880,2520
5180,510,5180,10000,3890,2520
540,90,540,10000,4380,2520
3770,370,3780,10000,4390,2520
2790,60,2790,10000,4480,2520
4460,390,4470,10000,4490,2520
7960,550,7970,10000,4500,2520
7820,110,7830,10000,4510,2520
6960,160,6970,10000,4540,2520
6660,150,6660,10000,4550,2520
630,180,630,10000,4600,2520
1460,500,1470,10000,4610,2520
1650,190,1670,10000,4620,2520
2000,1200,2000,10000,4630,2520
2830,600,2840,10000,4660,2520
2900,750,2900,10000,4670,2520
8390,900,8400,10000,4980,2520
4530,830,4530,10000,4990,2520
3090,670,3090,10000,3480,2510
3560,650,3560,10000,3490,2510
5660,200,5660,10000,3640,2510
5960,260,5960,10000,3650,2510
7020,520,7020,10000,3880,2510
7230,750,7230,10000,3890,2510
5250,1210,5250,10000,3900,2510
2350,150,2350,10000,3910,2510
1160,100,1160,10000,4280,2510
2840,380,2840,10000,4290,2510
3870,290,3880,10000,4440,2510
3270,180,3280,10000,4450,2510
7140,390,7150,10000,4460,2510
8180,450,8190,10000,4470,2510
6410,170,6420,10000,4480,2510
5980,150,5990,10000,4500,2510
7020,220,7030,10000,4510,2510
1750,230,1750,10000,4610,2510
1940,460,1960,10000,4720,2510
3430,370,3450,10000,4730,2510
NA,NA,NA,10000,4900,2510
1390,110,1390,10000,4910,2510
6780,510,6780,10000,4960,2510
7170,290,7170,10000,4970,2510
3540,910,3540,10000,3480,2500
3230,1080,3230,10000,3490,2500
5120,240,5120,10000,3640,2500
6330,220,6330,10000,3650,2500
5030,870,5030,10000,3880,2500
3620,620,3620,10000,3890,2500
5280,1850,5280,10000,3900,2500
3990,260,3990,10000,3910,2500
3620,100,3620,10000,4280,2500
4990,130,4990,10000,4290,2500
6510,270,6520,10000,4440,2500
8370,360,8370,10000,4450,2500
10740,200,10750,10000,4460,2500
7310,180,7320,10000,4470,2500
5050,130,5060,10000,4480,2500
6680,430,6700,10000,4490,2500
5220,230,5230,10000,4500,2500
4730,170,4740,10000,4510,2500
770,240,770,10000,4610,2500
1900,140,1920,10000,4720,2500
1490,250,1510,10000,4730,2500
1740,970,1750,10000,4900,2500
3730,260,3730,10000,4910,2500
2710,410,2710,10000,4960,2500
6760,1360,6760,10000,4970,2500
3100,190,3100,10000,3500,2490
2030,310,2030,10000,3510,2490
3280,370,3280,10000,3900,2490
3890,510,3890,10000,3910,2490
6000,460,6000,10000,4160,2490
3280,520,3290,10000,4170,2490
2780,70,2790,10000,4240,2490
2500,120,2500,10000,4250,2490
3920,840,3920,10000,4260,2490
3960,110,3960,10000,4270,2490
1780,180,1780,10000,4360,2490
2290,370,2290,10000,4370,2490
3640,510,3640,10000,4380,2490
4180,510,4190,10000,4390,2490
6090,680,6090,10000,4400,2490
4120,90,4130,10000,4410,2490
2550,120,2550,10000,4420,2490
3180,70,3190,10000,4430,2490
6460,350,6470,10000,4440,2490
7770,110,7780,10000,4450,2490
6840,840,6850,10000,4460,2490
5510,370,5530,10000,4470,2490
5270,330,5290,10000,4480,2490
3960,210,3970,10000,4490,2490
1450,450,1460,10000,4760,2490
900,90,900,10000,4770,2490
1470,180,1470,10000,4900,2490
1340,80,1350,10000,4910,2490
1190,80,1190,10000,4920,2490
2590,120,2590,10000,4930,2490
2030,80,2030,10000,4960,2490
5170,370,5180,10000,4970,2490
8470,350,8470,10000,4980,2490
4130,520,4140,10000,3500,2480
4550,660,4550,10000,3510,2480
3410,390,3420,10000,3900,2480
4710,550,4710,10000,3910,2480
4180,260,4180,10000,4160,2480
5900,670,5900,10000,4170,2480
3820,260,3820,10000,4240,2480
3180,300,3180,10000,4260,2480
5580,440,5580,10000,4270,2480
3260,140,3260,10000,4360,2480
1800,240,1800,10000,4370,2480
5620,620,5620,10000,4380,2480
10040,1190,10050,10000,4390,2480
7130,520,7140,10000,4410,2480
7530,1030,7540,10000,4420,2480
3820,140,3820,10000,4430,2480
4520,310,4530,10000,4440,2480
5800,200,5810,10000,4450,2480
5650,430,5660,10000,4460,2480
6780,110,6790,10000,4480,2480
2250,170,2250,10000,4490,2480
1540,470,1550,10000,4760,2480
800,140,800,10000,4770,2480
3880,780,3890,10000,4910,2480
4880,810,4880,10000,4920,2480
1780,180,1780,10000,4930,2480
9600,170,9610,10000,4960,2480
4970,360,4970,10000,4970,2480
4950,60,4960,10000,4980,2480
3970,640,3980,10000,3500,2470
3750,1010,3750,10000,3530,2470
4100,620,4100,10000,3860,2470
3110,1020,3110,10000,3870,2470
4030,680,4030,10000,3900,2470
4590,420,4590,10000,3910,2470
6070,290,6070,10000,3920,2470
3700,570,3700,10000,3930,2470
4460,450,4460,10000,3960,2470
2500,120,2500,10000,3970,2470
5540,390,5540,10000,4360,2470
7090,260,7100,10000,4370,2470
6740,570,6740,10000,4380,2470
4940,310,4940,10000,4390,2470
6140,550,6150,10000,4400,2470
8260,330,8270,10000,4420,2470
5120,270,5130,10000,4430,2470
6820,410,6830,10000,4440,2470
5060,280,5070,10000,4450,2470
11810,1120,11820,10000,4460,2470
8010,330,8020,10000,4470,2470
2980,330,2980,10000,3500,2460
5880,560,5880,10000,3520,2460
4680,850,4680,10000,3860,2460
3770,370,3780,10000,3870,2460
3870,1720,3870,10000,3900,2460
4190,480,4190,10000,3910,2460
5240,640,5240,10000,3920,2460
4510,470,4510,10000,3930,2460
3280,320,3280,10000,3960,2460
1680,390,1680,10000,3970,2460
7670,320,7670,10000,4360,2460
7620,410,7620,10000,4370,2460
8960,430,8960,10000,4380,2460
6300,210,6300,10000,4390,2460
7520,240,7520,10000,4400,2460
8800,1110,8800,10000,4410,2460
6800,270,6810,10000,4420,2460
8620,150,8620,10000,4430,2460
6870,690,6880,10000,4440,2460
3340,280,3340,10000,4450,2460
6640,450,6660,10000,4460,2460
8540,480,8550,10000,4470,2460
4710,600,4710,10000,3500,2450
6300,1020,6300,10000,3510,2450
5240,760,5240,10000,3520,2450
5670,1040,5670,10000,3530,2450
7220,1080,7220,10000,3540,2450
6200,1340,6200,10000,3550,2450
6550,1940,6560,10000,3560,2450
5940,1280,5940,10000,3570,2450
4710,1120,4710,10000,3580,2450
2420,330,2420,10000,3590,2450
1970,320,1970,10000,3600,2450
3270,270,3270,10000,3610,2450
1940,190,1940,10000,3620,2450
2830,300,2830,10000,3630,2450
6790,420,6790,10000,3820,2450
6580,840,6580,10000,3830,2450
3730,610,3730,10000,3900,2450
5450,370,5450,10000,3920,2450
5050,430,5050,10000,3930,2450
5470,750,5470,10000,3940,2450
3210,550,3210,10000,3950,2450
6420,1390,6420,10000,4240,2450
7780,770,7780,10000,4250,2450
8230,890,8230,10000,4420,2450
6900,710,6910,10000,4430,2450
6850,260,6850,10000,4440,2450
7600,400,7600,10000,4450,2450
7200,660,7210,10000,4460,2450
7280,380,7280,10000,4470,2450
5540,990,5540,10000,3500,2440
5190,940,5190,10000,3510,2440
6530,1730,6530,10000,3520,2440
6020,820,6020,10000,3530,2440
7000,980,7000,10000,3540,2440
6110,1330,6110,10000,3550,2440
5680,1290,5680,10000,3560,2440
6160,1600,6160,10000,3570,2440
7460,1870,7460,10000,3580,2440
5120,720,5120,10000,3590,2440
2880,230,2880,10000,3600,2440
2690,230,2690,10000,3610,2440
2450,330,2450,10000,3620,2440
2850,450,2850,10000,3630,2440
3320,660,3320,10000,3820,2440
8070,580,8080,10000,3830,2440
4840,580,4840,10000,3900,2440
3030,660,3030,10000,3910,2440
6230,700,6230,10000,3920,2440
5890,420,5890,10000,3930,2440
3870,850,3870,10000,3940,2440
1950,490,1960,10000,3950,2440
6570,680,6570,10000,4240,2440
6700,410,6700,10000,4250,2440
4410,260,4410,10000,4420,2440
8220,750,8220,10000,4430,2440
6720,750,6730,10000,4440,2440
6860,660,6860,10000,4450,2440
9640,610,9640,10000,4460,2440
5400,310,5400,10000,4470,2440
5120,130,5120,10000,3520,2430
4570,310,4570,10000,3530,2430
7150,1040,7150,10000,3560,2430
7940,1540,7940,10000,3570,2430
6040,790,6040,10000,3580,2430
2960,640,2960,10000,3590,2430
1430,150,1430,10000,3880,2430
4080,790,4080,10000,3890,2430
5840,1460,5840,10000,3920,2430
4070,1340,4070,10000,3930,2430
2050,200,2060,10000,4160,2430
5860,390,5870,10000,4170,2430
10230,2780,10230,10000,4240,2430
6870,890,6880,10000,4260,2430
6390,510,6390,10000,4270,2430
8780,530,8790,10000,4280,2430
9270,820,9270,10000,4290,2430
7810,420,7820,10000,4380,2430
6110,390,6110,10000,4390,2430
5240,400,5240,10000,4440,2430
9420,760,9420,10000,4450,2430
4830,470,4830,10000,3520,2420
4260,160,4260,10000,3530,2420
7030,1410,7030,10000,3560,2420
7990,1010,7990,10000,3570,2420
7100,2230,7100,10000,3580,2420
5670,990,5670,10000,3590,2420
3230,660,3230,10000,3880,2420
1470,260,1480,10000,3890,2420
5180,1870,5180,10000,3920,2420
4660,430,4660,10000,3930,2420
3130,280,3130,10000,4160,2420
3700,260,3700,10000,4170,2420
4480,810,4490,10000,4240,2420
3710,1260,3710,10000,4250,2420
6390,1700,6400,10000,4260,2420
4870,1140,4870,10000,4270,2420
5950,860,5950,10000,4280,2420
6330,750,6330,10000,4290,2420
7280,200,7290,10000,4380,2420
7260,340,7260,10000,4390,2420
8030,290,8030,10000,4440,2420
13640,290,13640,10000,4450,2420
4740,300,4740,10000,3540,2410
5310,630,5310,10000,3550,2410
6860,1090,6860,10000,3560,2410
5020,910,5020,10000,3570,2410
4050,1030,4050,10000,3580,2410
6670,1170,6670,10000,3590,2410
3620,1120,3620,10000,3600,2410
4160,1270,4160,10000,3610,2410
1530,310,1540,10000,3620,2410
1320,220,1320,10000,3630,2410
850,190,850,10000,3860,2410
2210,420,2210,10000,3870,2410
2980,610,2980,10000,3900,2410
2850,340,2850,10000,3910,2410
4880,1130,4880,10000,3920,2410
2500,1130,2500,10000,3930,2410
1150,330,1150,10000,3940,2410
2210,1280,2210,10000,3950,2410
NA,NA,NA,10000,3960,2410
2330,830,2330,10000,3970,2410
5100,340,5110,10000,4160,2410
4680,330,4700,10000,4170,2410
3920,50,3940,10000,4180,2410
4380,190,4380,10000,4190,2410
5130,300,5130,10000,4220,2410
4640,630,4640,10000,4230,2410
1960,590,1970,10000,4280,2410
2700,1150,2700,10000,4290,2410
2910,630,2910,10000,4300,2410
7080,1860,7080,10000,4310,2410
5420,1200,5420,10000,4320,2410
6540,840,6540,10000,4330,2410
7570,1080,7580,10000,4340,2410
7520,450,7520,10000,4350,2410
5390,180,5390,10000,4360,2410
8380,260,8380,10000,4370,2410
6370,190,6380,10000,4380,2410
4160,180,4160,10000,4390,2410
7200,390,7200,10000,4400,2410
7410,200,7420,10000,4410,2410
14670,610,14670,10000,4440,2410
7190,460,7190,10000,4450,2410
5590,320,5590,10000,3540,2400
5910,540,5910,10000,3550,2400
5550,910,5550,10000,3560,2400
6010,600,6010,10000,3570,2400
3950,450,3950,10000,3580,2400
6290,1060,6290,10000,3590,2400
6650,970,6650,10000,3600,2400
4660,1350,4660,10000,3610,2400
3910,1040,3910,10000,3620,2400
2400,480,2410,10000,3630,2400
990,260,990,10000,3860,2400
720,130,720,10000,3870,2400
1990,340,1990,10000,3900,2400
5590,570,5590,10000,3910,2400
3210,930,3210,10000,3920,2400
2080,1030,2080,10000,3930,2400
790,350,790,10000,3940,2400
2820,2170,2820,10000,3950,2400
1570,1020,1570,10000,3960,2400
1640,570,1640,10000,3970,2400
6660,560,6670,10000,4160,2400
5720,210,5730,10000,4190,2400
5290,280,5300,10000,4220,2400
1580,200,1590,10000,4230,2400
1270,450,1270,10000,4280,2400
2400,1360,2400,10000,4290,2400
1700,730,1700,10000,4300,2400
2120,930,2120,10000,4310,2400
2730,1450,2730,10000,4320,2400
7050,1290,7050,10000,4330,2400
9480,1350,9480,10000,4340,2400
6460,720,6460,10000,4350,2400
4840,360,4840,10000,4360,2400
5530,150,5530,10000,4370,2400
6940,220,6940,10000,4380,2400
7110,330,7120,10000,4390,2400
6780,320,6780,10000,4400,2400
9080,100,9090,10000,4410,2400
3530,150,3530,10000,4440,2400
8280,920,8280,10000,4450,2400
NA,NA,NA,10000,4800,2400
NA,NA,NA,10000,5310,2400
5600,400,5600,10000,3580,2390
7170,2100,7170,10000,3590,2390
5900,750,5900,10000,3600,2390
6190,1070,6200,10000,3610,2390
5790,810,5790,10000,3620,2390
6460,910,6460,10000,3630,2390
2360,440,2360,10000,3840,2390
640,80,650,10000,3850,2390
1530,580,1530,10000,3920,2390
3890,2070,3890,10000,3930,2390
9940,490,9950,10000,4130,2390
5580,770,5600,10000,4160,2390
4020,130,4030,10000,4170,2390
3310,120,3310,10000,4180,2390
3150,190,3170,10000,4190,2390
2380,1240,2380,10000,4320,2390
2660,730,2660,10000,4330,2390
5810,1120,5810,10000,4350,2390
9880,1550,9880,10000,4370,2390
5430,610,5430,10000,4380,2390
6830,410,6830,10000,4390,2390
6730,1470,6740,10000,4400,2390
7920,620,7920,10000,4410,2390
6010,470,6010,10000,4420,2390
7110,100,7110,10000,4430,2390
6720,830,6720,10000,3580,2380
5930,490,5930,10000,3590,2380
6520,580,6520,10000,3600,2380
5530,1050,5530,10000,3610,2380
6160,800,6160,10000,3620,2380
5460,510,5460,10000,3630,2380
710,140,710,10000,3840,2380
1720,280,1720,10000,3850,2380
2140,450,2140,10000,3920,2380
1860,1020,1860,10000,3930,2380
9060,730,9070,10000,4120,2380
9690,480,9700,10000,4130,2380
2730,360,2730,10000,4160,2380
2480,190,2490,10000,4170,2380
1830,160,1830,10000,4180,2380
1280,210,1280,10000,4190,2380
1370,740,1370,10000,4320,2380
1950,970,1960,10000,4330,2380
2270,1270,2280,10000,4350,2380
2790,1130,2790,10000,4360,2380
3520,970,3520,10000,4370,2380
4910,580,4920,10000,4380,2380
5980,710,5980,10000,4390,2380
7150,1260,7150,10000,4400,2380
7820,1110,7830,10000,4410,2380
4790,100,4790,10000,4420,2380
7010,560,7010,10000,4430,2380
9010,930,9010,10000,3560,2370
6090,550,6100,10000,3570,2370
4440,520,4440,10000,3620,2370
5650,360,5650,10000,3630,2370
4530,880,4530,10000,3660,2370
4790,800,4790,10000,3670,2370
6150,820,6150,10000,3720,2370
7010,1540,7010,10000,3730,2370
7460,870,7460,10000,3740,2370
8400,1630,8400,10000,3750,2370
1390,320,1390,10000,3820,2370
1270,290,1270,10000,3830,2370
2600,420,2600,10000,3900,2370
4320,800,4330,10000,3910,2370
5280,1060,5290,10000,3920,2370
1940,390,1940,10000,3930,2370
3730,960,3730,10000,3980,2370
3690,390,3690,10000,3990,2370
7590,520,7590,10000,4120,2370
8550,300,8560,10000,4130,2370
1760,900,1760,10000,4340,2370
2390,960,2390,10000,4350,2370
3910,1950,3910,10000,4360,2370
2730,1250,2730,10000,4370,2370
2920,780,2920,10000,4380,2370
4470,890,4480,10000,4390,2370
5270,580,5280,10000,4400,2370
3350,410,3360,10000,4410,2370
16240,2330,16250,10000,4420,2370
5310,670,5310,10000,4430,2370
7800,270,7810,10000,4440,2370
12350,230,12350,10000,4450,2370
8620,720,8630,10000,4460,2370
7230,340,7230,10000,4470,2370
10310,2730,10310,10000,3560,2360
7950,980,7950,10000,3570,2360
3610,250,3610,10000,3620,2360
3900,400,3900,10000,3630,2360
2530,700,2530,10000,3660,2360
4480,460,4480,10000,3670,2360
11810,1840,11810,10000,3720,2360
5890,1640,5890,10000,3730,2360
6400,1560,6400,10000,3740,2360
3820,1160,3820,10000,3750,2360
1740,280,1740,10000,3820,2360
940,280,950,10000,3830,2360
3040,700,3040,10000,3900,2360
6690,1810,6690,10000,3910,2360
5390,1190,5390,10000,3920,2360
2170,560,2170,10000,3930,2360
2980,900,2980,10000,3980,2360
6290,1020,6290,10000,3990,2360
8450,320,8470,10000,4120,2360
7120,340,7120,10000,4130,2360
2340,870,2350,10000,4340,2360
2790,1320,2790,10000,4350,2360
3190,900,3190,10000,4360,2360
2220,730,2220,10000,4370,2360
5030,2210,5030,10000,4380,2360
3290,1320,3290,10000,4390,2360
2480,980,2480,10000,4400,2360
2260,930,2260,10000,4410,2360
2330,1280,2330,10000,4420,2360
2180,1300,2180,10000,4430,2360
3900,860,3910,10000,4440,2360
8940,1110,8940,10000,4450,2360
7080,180,7090,10000,4460,2360
9510,630,9520,10000,4470,2360
8170,990,8170,10000,3520,2350
7610,1920,7610,10000,3530,2350
6210,1340,6210,10000,3540,2350
9340,3140,9340,10000,3550,2350
7240,1530,7240,10000,3560,2350
7520,1960,7520,10000,3570,2350
7490,1350,7490,10000,3580,2350
7750,880,7750,10000,3590,2350
7290,690,7290,10000,3600,2350
6450,630,6450,10000,3610,2350
4490,420,4490,10000,3620,2350
5110,430,5110,10000,3630,2350
5730,700,5730,10000,3660,2350
6600,1010,6600,10000,3670,2350
1960,330,1960,10000,3860,2350
1700,190,1700,10000,3870,2350
4380,770,4380,10000,3900,2350
8380,1190,8380,10000,3910,2350
3180,1020,3180,10000,3920,2350
1270,180,1270,10000,3930,2350
2810,1210,2810,10000,4380,2350
2790,1060,2790,10000,4390,2350
2610,530,2610,10000,4400,2350
1380,370,1380,10000,4410,2350
3300,2140,3310,10000,4420,2350
2750,2280,2750,10000,4430,2350
4020,2420,4030,10000,4440,2350
4190,530,4190,10000,4450,2350
6290,510,6300,10000,4460,2350
9420,490,9430,10000,4470,2350
6330,410,6340,10000,4480,2350
11300,720,11310,10000,4490,2350
5510,230,5510,10000,4500,2350
1460,0,1460,10000,1320,2340
NA,NA,NA,10000,3390,2340
6610,710,6610,10000,3520,2340
6540,1560,6540,10000,3530,2340
6460,2680,6460,10000,3540,2340
8490,2200,8490,10000,3550,2340
6550,980,6550,10000,3560,2340
7790,2200,7790,10000,3570,2340
8200,2180,8200,10000,3580,2340
8430,550,8430,10000,3590,2340
5930,850,5930,10000,3600,2340
6270,950,6280,10000,3610,2340
4700,360,4700,10000,3620,2340
5460,380,5460,10000,3630,2340
6090,420,6090,10000,3660,2340
5690,900,5690,10000,3670,2340
2050,590,2050,10000,3860,2340
2610,80,2610,10000,3870,2340
6720,930,6720,10000,3910,2340
4370,590,4370,10000,3920,2340
2970,550,2980,10000,3930,2340
1750,720,1750,10000,4380,2340
2110,480,2110,10000,4390,2340
1900,800,1900,10000,4400,2340
1390,240,1390,10000,4410,2340
1680,650,1680,10000,4420,2340
940,670,940,10000,4430,2340
2370,1330,2370,10000,4440,2340
2730,340,2730,10000,4450,2340
3330,560,3330,10000,4460,2340
4530,640,4530,10000,4470,2340
6230,520,6240,10000,4500,2340
1400,70,1410,10000,4510,2340
5840,130,5840,10000,3420,2330
4940,220,4940,10000,3430,2330
7080,450,7080,10000,3500,2330
6410,930,6410,10000,3510,2330
6360,1370,6360,10000,3520,2330
6000,2070,6000,10000,3530,2330
5010,1580,5010,10000,3550,2330
7730,2560,7730,10000,3560,2330
8420,2100,8420,10000,3570,2330
6830,1300,6830,10000,3580,2330
7030,1930,7030,10000,3590,2330
6570,1400,6570,10000,3600,2330
5740,950,5740,10000,3610,2330
7650,690,7650,10000,3680,2330
5440,480,5440,10000,3690,2330
2050,560,2050,10000,3820,2330
1650,510,1650,10000,3830,2330
4260,800,4260,10000,3840,2330
4190,440,4190,10000,3850,2330
1400,650,1400,10000,3880,2330
3030,880,3040,10000,3890,2330
2600,470,2600,10000,3900,2330
3360,510,3360,10000,3910,2330
2340,790,2340,10000,3980,2330
1920,680,1920,10000,3990,2330
930,400,930,10000,4440,2330
2690,1160,2690,10000,4450,2330
1650,850,1650,10000,4460,2330
3480,1130,3490,10000,4470,2330
4350,440,4360,10000,4480,2330
3340,500,3350,10000,4490,2330
6010,700,6020,10000,4500,2330
5930,630,5950,10000,4510,2330
1500,80,1500,10000,3320,2320
2040,150,2050,10000,3330,2320
6090,500,6090,10000,3420,2320
5780,310,5780,10000,3430,2320
7990,200,7990,10000,3500,2320
7060,1370,7060,10000,3510,2320
4970,1700,4970,10000,3520,2320
6790,2250,6790,10000,3530,2320
8080,2500,8080,10000,3540,2320
6840,1940,6840,10000,3550,2320
6060,3530,6060,10000,3560,2320
8040,2130,8040,10000,3570,2320
7880,3250,7880,10000,3580,2320
8890,2140,8890,10000,3590,2320
10260,1790,10260,10000,3600,2320
4560,550,4560,10000,3610,2320
7880,550,7880,10000,3680,2320
8500,620,8500,10000,3690,2320
2680,410,2680,10000,3820,2320
2790,830,2790,10000,3830,2320
2340,750,2340,10000,3840,2320
2540,420,2540,10000,3850,2320
4620,1190,4620,10000,3880,2320
3080,760,3080,10000,3890,2320
2550,440,2560,10000,3900,2320
3610,650,3620,10000,3910,2320
6750,1130,6750,10000,3980,2320
3620,740,3620,10000,3990,2320
NA,NA,NA,10000,4440,2320
NA,NA,NA,10000,4450,2320
4190,1780,4200,10000,4470,2320
840,510,840,10000,4480,2320
3340,1260,3340,10000,4490,2320
4910,1440,4920,10000,4500,2320
3230,520,3240,10000,4510,2320
7040,1920,7040,10000,3520,2310
7360,2770,7360,10000,3530,2310
6620,2130,6620,10000,3540,2310
7210,2420,7210,10000,3550,2310
5320,1710,5320,10000,3560,2310
7250,2000,7250,10000,3570,2310
7870,1910,7870,10000,3580,2310
8210,1160,8210,10000,3590,2310
4900,850,4900,10000,3600,2310
3370,280,3370,10000,3610,2310
1870,220,1870,10000,3780,2310
1800,410,1800,10000,3790,2310
1850,460,1850,10000,3820,2310
4660,200,4660,10000,3830,2310
4040,1350,4050,10000,3840,2310
3260,1040,3260,10000,3850,2310
3660,510,3660,10000,3860,2310
4440,820,4440,10000,3870,2310
5440,860,5440,10000,3880,2310
7960,2060,7960,10000,3890,2310
4220,1310,4220,10000,3900,2310
4690,1610,4690,10000,3910,2310
1890,480,1890,10000,3930,2310
2400,370,2400,10000,3940,2310
2090,420,2090,10000,3950,2310
3380,310,3380,10000,3980,2310
5690,880,5690,10000,3990,2310
480,50,490,10000,4360,2310
600,210,610,10000,4370,2310
890,30,900,10000,4380,2310
4750,260,4760,10000,4390,2310
1830,170,1830,10000,4400,2310
1030,300,1030,10000,4410,2310
1940,1290,1940,10000,4420,2310
3270,540,3280,10000,4430,2310
3670,1710,3680,10000,4500,2310
2260,1240,2260,10000,4510,2310
4110,660,4120,10000,4520,2310
4950,670,4950,10000,4530,2310
3940,500,3950,10000,4540,2310
5760,950,5760,10000,3520,2300
5580,720,5580,10000,3530,2300
8050,1340,8050,10000,3540,2300
6800,1260,6800,10000,3550,2300
5330,1150,5330,10000,3560,2300
7670,2120,7670,10000,3570,2300
7880,1220,7880,10000,3580,2300
7970,2100,7970,10000,3590,2300
5690,790,5690,10000,3600,2300
4580,740,4580,10000,3610,2300
1850,290,1850,10000,3780,2300
4640,710,4640,10000,3790,2300
1210,300,1210,10000,3820,2300
4780,1490,4780,10000,3830,2300
4170,720,4170,10000,3840,2300
8810,2650,8810,10000,3850,2300
5090,1380,5090,10000,3860,2300
12800,3250,12800,10000,3880,2300
5730,1010,5730,10000,3890,2300
5320,1190,5320,10000,3900,2300
3610,740,3610,10000,3910,2300
5110,490,5110,10000,3920,2300
2030,380,2040,10000,3930,2300
3140,980,3140,10000,3940,2300
3690,540,3690,10000,3950,2300
2890,510,2890,10000,3980,2300
2850,350,2850,10000,3990,2300
3580,560,3600,10000,4360,2300
3400,90,3420,10000,4370,2300
3700,140,3730,10000,4380,2300
2920,280,2930,10000,4390,2300
3910,580,3920,10000,4400,2300
3810,340,3820,10000,4410,2300
1470,430,1480,10000,4420,2300
1600,700,1600,10000,4430,2300
2460,1270,2460,10000,4500,2300
4720,1940,4720,10000,4510,2300
5770,2530,5780,10000,4520,2300
4720,2800,4730,10000,4530,2300
5360,2010,5370,10000,4540,2300
5800,2040,5820,10000,4550,2300
8070,1300,8070,10000,3540,2290
5740,1050,5740,10000,3550,2290
5810,1310,5810,10000,3560,2290
7390,960,7390,10000,3570,2290
8280,1780,8280,10000,3580,2290
8190,1140,8190,10000,3590,2290
5380,400,5380,10000,3600,2290
6360,490,6360,10000,3610,2290
6460,960,6460,10000,3620,2290
6980,950,6980,10000,3630,2290
7800,1500,7800,10000,3640,2290
8440,880,8440,10000,3650,2290
7580,1090,7580,10000,3660,2290
5380,1150,5380,10000,3670,2290
1660,810,1660,10000,3760,2290
2620,760,2620,10000,3770,2290
4970,540,4980,10000,3780,2290
5290,440,5290,10000,3790,2290
600,270,600,10000,3800,2290
2370,740,2370,10000,3810,2290
9430,830,9430,10000,3890,2290
9250,600,9250,10000,3920,2290
2650,620,2650,10000,3930,2290
2500,550,2500,10000,3940,2290
4400,570,4400,10000,3950,2290
2230,240,2240,10000,4380,2290
5890,890,5910,10000,4390,2290
3070,610,3080,10000,4400,2290
4610,1630,4620,10000,4410,2290
2210,630,2220,10000,4430,2290
670,290,670,10000,4440,2290
1400,240,1400,10000,4450,2290
5070,2110,5080,10000,4520,2290
7940,4460,7940,10000,4530,2290
7560,2240,7570,10000,4540,2290
4610,780,4620,10000,4550,2290
6220,710,6230,10000,4560,2290
5850,220,5860,10000,4570,2290
4860,480,4870,10000,4580,2290
7020,470,7020,10000,3540,2280
5470,480,5470,10000,3550,2280
6230,900,6230,10000,3560,2280
6220,1470,6220,10000,3570,2280
6970,1100,6970,10000,3580,2280
5880,810,5880,10000,3590,2280
5130,210,5130,10000,3600,2280
7720,750,7720,10000,3610,2280
6570,920,6570,10000,3620,2280
6730,580,6730,10000,3630,2280
8320,3250,8320,10000,3640,2280
7640,1690,7640,10000,3650,2280
7710,1580,7710,10000,3660,2280
5240,1050,5240,10000,3670,2280
3610,540,3610,10000,3760,2280
6490,970,6490,10000,3770,2280
4440,500,4440,10000,3780,2280
5630,750,5630,10000,3790,2280
2200,320,2200,10000,3800,2280
2510,230,2510,10000,3810,2280
11440,1540,11440,10000,3890,2280
5090,250,5090,10000,3920,2280
1690,270,1690,10000,3930,2280
2620,670,2620,10000,3940,2280
2060,340,2060,10000,3950,2280
3180,360,3200,10000,4380,2280
2590,530,2600,10000,4390,2280
3470,1010,3470,10000,4400,2280
3410,1090,3420,10000,4410,2280
2190,300,2190,10000,4420,2280
1540,330,1540,10000,4430,2280
2310,690,2320,10000,4440,2280
30,0,30,10000,4450,2280
3790,910,3800,10000,4530,2280
1070,380,1070,10000,4540,2280
5490,640,5500,10000,4550,2280
7690,590,7700,10000,4570,2280
6430,510,6440,10000,4580,2280
4480,350,4490,10000,4590,2280
3920,380,3930,10000,4600,2280
6900,450,6900,10000,3560,2270
6970,1330,6980,10000,3570,2270
6790,1840,6790,10000,3600,2270
7160,2350,7160,10000,3610,2270
7600,1580,7600,10000,3620,2270
8650,980,8650,10000,3630,2270
7010,1050,7010,10000,3640,2270
7340,1300,7340,10000,3650,2270
6300,1020,6300,10000,3660,2270
7310,580,7310,10000,3670,2270
5550,780,5550,10000,3680,2270
3640,750,3640,10000,3690,2270
3020,540,3020,10000,3700,2270
3360,1170,3360,10000,3710,2270
5650,1880,5650,10000,3720,2270
3790,890,3790,10000,3730,2270
3140,600,3150,10000,3740,2270
5280,540,5280,10000,3750,2270
890,310,890,10000,4020,2270
1060,440,1060,10000,4030,2270
NA,NA,NA,10000,4080,2270
4850,650,4860,10000,4360,2270
4410,730,4420,10000,4370,2270
1260,610,1260,10000,4380,2270
5170,1690,5180,10000,4390,2270
4330,840,4340,10000,4400,2270
4150,850,4160,10000,4410,2270
2800,1250,2800,10000,4420,2270
1520,200,1530,10000,4430,2270
3560,1110,3570,10000,4440,2270
1870,740,1880,10000,4450,2270
710,150,710,10000,4460,2270
1710,420,1720,10000,4470,2270
4160,930,4170,10000,4540,2270
5530,1210,5530,10000,4550,2270
6390,470,6400,10000,4560,2270
6190,1410,6200,10000,4570,2270
8090,440,8110,10000,4580,2270
4300,360,4310,10000,4590,2270
7750,930,7770,10000,4600,2270
1810,410,1810,10000,4610,2270
3100,620,3100,10000,3560,2260
5840,1120,5840,10000,3570,2260
2620,340,2620,10000,3600,2260
6710,1220,6720,10000,3610,2260
7020,1780,7020,10000,3620,2260
9100,1130,9100,10000,3630,2260
6180,1090,6180,10000,3640,2260
6990,2080,6990,10000,3650,2260
6240,1940,6240,10000,3660,2260
7950,710,7950,10000,3670,2260
5960,490,5960,10000,3680,2260
6300,1400,6300,10000,3690,2260
2980,700,2990,10000,3700,2260
6040,1230,6040,10000,3710,2260
4570,710,4570,10000,3720,2260
4460,1030,4460,10000,3730,2260
5100,510,5100,10000,3740,2260
5490,840,5490,10000,3750,2260
2470,370,2470,10000,4020,2260
1560,510,1570,10000,4030,2260
5810,850,5810,10000,4360,2260
3640,330,3640,10000,4370,2260
4520,2140,4520,10000,4380,2260
1710,910,1710,10000,4390,2260
4120,2000,4120,10000,4400,2260
3080,460,3090,10000,4410,2260
2820,1350,2820,10000,4420,2260
2190,1280,2190,10000,4430,2260
1880,450,1890,10000,4440,2260
2910,800,2920,10000,4450,2260
3280,1660,3290,10000,4460,2260
5890,1230,5910,10000,4470,2260
1650,580,1650,10000,4540,2260
4480,1230,4490,10000,4550,2260
2450,510,2460,10000,4560,2260
5940,1030,5940,10000,4580,2260
5340,290,5340,10000,4590,2260
8090,530,8110,10000,4600,2260
5620,460,5630,10000,4610,2260
6520,780,6520,10000,3600,2250
6490,1000,6490,10000,3610,2250
6120,1160,6120,10000,3640,2250
5320,2280,5320,10000,3650,2250
4630,910,4630,10000,3660,2250
6600,1270,6600,10000,3670,2250
5290,580,5290,10000,3680,2250
3450,580,3450,10000,3690,2250
3250,660,3250,10000,3720,2250
4050,1340,4060,10000,3730,2250
3480,820,3490,10000,4360,2250
1440,490,1440,10000,4370,2250
4960,2310,4960,10000,4380,2250
6490,3110,6500,10000,4390,2250
1210,350,1210,10000,4400,2250
5070,1610,5080,10000,4410,2250
4670,1580,4670,10000,4420,2250
1740,600,1740,10000,4430,2250
3180,320,3190,10000,4460,2250
3180,220,3190,10000,4470,2250
3300,550,3300,10000,4520,2250
7700,1780,7710,10000,4530,2250
2300,1150,2300,10000,4560,2250
6190,1100,6200,10000,4580,2250
6200,810,6220,10000,4590,2250
6880,1160,6900,10000,4600,2250
8240,1400,8260,10000,4610,2250
1540,220,1550,10000,4620,2250
2180,180,2180,10000,3600,2240
1690,480,1690,10000,3610,2240
5170,1810,5170,10000,3640,2240
4740,1500,4740,10000,3650,2240
6670,1420,6670,10000,3660,2240
3030,820,3030,10000,3670,2240
3730,1390,3730,10000,3680,2240
2870,920,2870,10000,3690,2240
2270,660,2270,10000,3720,2240
1000,230,1000,10000,3730,2240
4730,1370,4740,10000,4360,2240
2080,850,2080,10000,4370,2240
2030,1330,2040,10000,4380,2240
4760,3160,4770,10000,4390,2240
4030,2580,4030,10000,4400,2240
840,430,840,10000,4410,2240
7950,2400,7960,10000,4420,2240
3830,500,3840,10000,4430,2240
6730,280,6750,10000,4460,2240
3850,280,3860,10000,4470,2240
3110,1010,3110,10000,4520,2240
2820,560,2830,10000,4530,2240
3840,1680,3840,10000,4570,2240
7000,1510,7010,10000,4590,2240
9140,820,9160,10000,4600,2240
6390,880,6400,10000,4610,2240
4080,360,4100,10000,4620,2240
620,310,620,10000,3970,2230
NA,NA,NA,10000,4040,2230
2130,150,2130,10000,4360,2230
1810,550,1810,10000,4370,2230
7940,2380,7950,10000,4440,2230
2400,770,2400,10000,4450,2230
1450,310,1460,10000,4500,2230
3220,570,3220,10000,4510,2230
3640,530,3640,10000,4520,2230
3300,870,3300,10000,4530,2230
3590,1040,3590,10000,4560,2230
4280,1200,4290,10000,4570,2230
6370,1520,6370,10000,4600,2230
6460,550,6470,10000,4610,2230
7440,890,7460,10000,4620,2230
970,170,970,10000,4630,2230
1110,180,1120,10000,4360,2220
1830,650,1830,10000,4370,2220
4670,2180,4670,10000,4440,2220
7170,3290,7180,10000,4450,2220
5140,1000,5150,10000,4500,2220
5770,290,5780,10000,4520,2220
3800,700,3810,10000,4530,2220
2220,990,2220,10000,4560,2220
4800,3040,4800,10000,4570,2220
2590,740,2600,10000,4580,2220
5130,2010,5140,10000,4600,2220
5590,570,5600,10000,4610,2220
4930,1310,4950,10000,4620,2220
2380,330,2400,10000,4630,2220
4490,620,4550,10000,2900,2210
4430,310,4500,10000,2910,2210
3580,0,3580,10000,3280,2210
2680,0,2680,10000,3290,2210
2390,460,2390,10000,3700,2210
2280,680,2280,10000,3710,2210
2180,690,2180,10000,3720,2210
4530,1510,4530,10000,3730,2210
2080,550,2080,10000,3740,2210
NA,NA,NA,10000,4300,2210
2680,540,2690,10000,4360,2210
4460,760,4470,10000,4370,2210
10070,2320,10080,10000,4440,2210
7830,2890,7840,10000,4450,2210
4800,3370,4800,10000,4460,2210
3430,1000,3440,10000,4470,2210
4690,470,4690,10000,4480,2210
3280,320,3280,10000,4490,2210
3650,350,3670,10000,4520,2210
5330,560,5350,10000,4530,2210
4490,790,4500,10000,4600,2210
5080,1130,5100,10000,4610,2210
3730,800,3750,10000,4630,2210
7970,610,7970,10000,5660,2210
3700,520,3700,10000,5670,2210
3730,330,3780,10000,2900,2200
3690,280,3770,10000,2910,2200
920,0,920,10000,3280,2200
2760,0,2760,10000,3290,2200
2810,770,2810,10000,3700,2200
3000,640,3010,10000,3710,2200
3330,700,3340,10000,3720,2200
2010,400,2010,10000,3730,2200
2750,590,2750,10000,3740,2200
2250,170,2250,10000,4360,2200
1580,310,1580,10000,4370,2200
2010,730,2010,10000,4440,2200
930,150,930,10000,4450,2200
5880,2620,5880,10000,4460,2200
3150,680,3150,10000,4470,2200
2880,490,2890,10000,4480,2200
1750,370,1750,10000,4490,2200
4120,400,4120,10000,4520,2200
10430,2430,10450,10000,4530,2200
1550,390,1550,10000,4600,2200
4190,1040,4210,10000,4610,2200
4770,890,4790,10000,4630,2200
90,0,90,10000,5000,2200
2780,240,2790,10000,5660,2200
3750,270,3780,10000,2880,2190
3480,270,3540,10000,2890,2190
3230,260,3280,10000,2900,2190
3150,370,3200,10000,2910,2190
2650,360,2660,10000,3320,2190
4400,490,4400,10000,3330,2190
3230,2530,3230,10000,3560,2190
5850,2680,5850,10000,3570,2190
7270,1620,7270,10000,3580,2190
3220,1330,3220,10000,3590,2190
3250,770,3250,10000,3720,2190
3230,1310,3240,10000,3730,2190
3640,790,3640,10000,4400,2190
1350,240,1350,10000,4410,2190
2930,820,2940,10000,4480,2190
1500,610,1500,10000,4490,2190
3910,160,3910,10000,4520,2190
3390,480,3390,10000,4530,2190
5200,1010,5210,10000,4620,2190
4160,390,4180,10000,4630,2190
2140,110,2180,10000,2880,2180
4360,1040,4420,10000,2890,2180
4380,1000,4420,10000,2910,2180
3390,0,3390,10000,3320,2180
3880,150,3880,10000,3330,2180
3730,2820,3730,10000,3560,2180
2200,1430,2200,10000,3570,2180
2900,1290,2900,10000,3580,2180
6180,3740,6190,10000,3590,2180
8540,3160,8540,10000,3640,2180
9770,890,9770,10000,3650,2180
1460,210,1470,10000,3720,2180
2000,680,2000,10000,3730,2180
3040,520,3050,10000,4400,2180
20370,4410,20400,10000,4410,2180
2630,590,2630,10000,4480,2180
5180,510,5190,10000,4490,2180
4040,150,4050,10000,4520,2180
1460,170,1460,10000,4530,2180
5080,930,5100,10000,4620,2180
5620,1260,5640,10000,4630,2180
4420,550,4450,10000,4640,2180
4710,2440,4710,10000,3680,2170
3030,1020,3030,10000,3690,2170
2270,500,2280,10000,4420,2170
8710,2010,8720,10000,4430,2170
3160,500,3170,10000,4460,2170
5350,730,5360,10000,4470,2170
2040,750,2050,10000,4480,2170
4920,920,4930,10000,4490,2170
4440,280,4450,10000,4520,2170
2920,550,2930,10000,4530,2170
1850,880,1850,10000,4560,2170
2020,760,2030,10000,4570,2170
9030,1780,9070,10000,4620,2170
3650,660,3680,10000,4630,2170
5250,1080,5270,10000,4640,2170
3080,310,3090,10000,4650,2170
NA,NA,NA,10000,2750,2160
4340,2520,4340,10000,3680,2160
2910,1020,2910,10000,3690,2160
6740,750,6740,10000,4420,2160
1920,300,1920,10000,4430,2160
6220,2780,6230,10000,4460,2160
7620,2140,7630,10000,4480,2160
3520,1160,3530,10000,4490,2160
5020,600,5030,10000,4520,2160
8140,740,8150,10000,4530,2160
2540,570,2540,10000,4560,2160
4200,790,4200,10000,4570,2160
4350,1160,4370,10000,4620,2160
3460,460,3470,10000,4630,2160
5160,400,5180,10000,4640,2160
4760,390,4780,10000,4650,2160
NA,NA,NA,10000,3760,2150
2620,550,2630,10000,4500,2150
2380,700,2380,10000,4510,2150
3400,530,3410,10000,4520,2150
2210,190,2220,10000,4530,2150
1580,430,1580,10000,4540,2150
4370,730,4380,10000,4550,2150
5530,770,5570,10000,4640,2150
4580,530,4620,10000,4660,2150
3730,380,3760,10000,4670,2150
790,160,790,10000,5640,2150
590,150,600,10000,5650,2150
6790,1600,6800,10000,4500,2140
4850,1720,4860,10000,4510,2140
3590,740,3600,10000,4520,2140
3210,740,3220,10000,4530,2140
2200,670,2210,10000,4540,2140
5300,610,5310,10000,4550,2140
5530,680,5560,10000,4640,2140
5170,1310,5190,10000,4650,2140
3560,360,3560,10000,5680,2140
3470,590,3500,10000,2880,2130
5540,970,5560,10000,2890,2130
4810,1870,4810,10000,4450,2130
11850,1520,11850,10000,4500,2130
3160,1310,3170,10000,4510,2130
4020,1880,4020,10000,4520,2130
5520,2600,5530,10000,4530,2130
1350,270,1350,10000,4550,2130
3370,250,3370,10000,4560,2130
1170,410,1170,10000,4570,2130
4110,110,4130,10000,4690,2130
5770,670,5840,10000,2880,2120
4980,810,5000,10000,2890,2120
4000,550,4000,10000,4500,2120
4240,1470,4250,10000,4510,2120
4950,1380,4960,10000,4520,2120
2160,280,2170,10000,4530,2120
4160,1140,4160,10000,4540,2120
2560,780,2560,10000,4560,2120
480,270,480,10000,4570,2120
5000,210,5030,10000,4680,2120
6360,280,6380,10000,4690,2120
NA,NA,NA,10000,4280,2110
6030,1020,6030,10000,4500,2110
2990,480,2990,10000,4510,2110
3680,550,3680,10000,4520,2110
3730,710,3740,10000,4530,2110
3130,460,3140,10000,4540,2110
2460,250,2460,10000,4550,2110
5700,270,5710,10000,4700,2110
5210,150,5230,10000,4710,2110
2810,150,2820,10000,5600,2110
4980,140,4990,10000,5610,2110
3390,390,3390,10000,5660,2110
3530,1010,3530,10000,5670,2110
NA,NA,NA,10000,5680,2110
3270,880,3280,10000,4500,2100
3330,950,3330,10000,4510,2100
3380,400,3390,10000,4520,2100
4650,1480,4660,10000,4530,2100
2210,180,2220,10000,4540,2100
3910,140,3910,10000,4550,2100
1940,90,1950,10000,4700,2100
7370,200,7370,10000,4710,2100
2760,150,2760,10000,5390,2100
7930,220,7940,10000,3560,2090
7210,350,7210,10000,3570,2090
1880,220,1890,10000,4490,2090
12350,2320,12360,10000,4530,2090
2530,360,2530,10000,4540,2090
2490,790,2500,10000,4550,2090
4330,530,4330,10000,3560,2080
3880,110,3880,10000,3570,2080
9030,1900,9040,10000,4520,2080
3650,510,3650,10000,4540,2080
1710,260,1720,10000,4550,2080
4370,340,4370,10000,4820,2080
1290,0,1290,10000,5350,2080
3540,0,3540,10000,2900,2070
4720,0,4720,10000,2910,2070
4300,250,4300,10000,3520,2070
5080,800,5080,10000,3530,2070
3550,340,3550,10000,3540,2070
2650,580,2650,10000,3550,2070
3960,490,3960,10000,3580,2070
2890,410,2890,10000,3590,2070
2000,630,2000,10000,3600,2070
2960,1160,2960,10000,3610,2070
NA,NA,NA,10000,3680,2070
NA,NA,NA,10000,4210,2070
2950,570,2950,10000,4510,2070
3590,270,3590,10000,4560,2070
3450,610,3450,10000,4570,2070
2750,770,2760,10000,4600,2070
1060,410,1070,10000,4610,2070
2270,1020,2280,10000,4630,2070
3970,570,3980,10000,4700,2070
2800,240,2810,10000,4710,2070
5470,310,5480,10000,4720,2070
5530,780,5530,10000,4740,2070
4170,0,4170,10000,2900,2060
1860,0,1860,10000,2910,2060
2120,280,2120,10000,3520,2060
2590,280,2590,10000,3530,2060
1640,330,1640,10000,3540,2060
1210,240,1210,10000,3550,2060
3350,370,3350,10000,3580,2060
6230,1270,6230,10000,3590,2060
2130,910,2130,10000,3600,2060
4760,1240,4760,10000,3610,2060
2110,800,2120,10000,3630,2060
3840,830,3850,10000,4560,2060
2140,500,2140,10000,4570,2060
3800,490,3830,10000,4600,2060
1700,160,1720,10000,4610,2060
2420,580,2430,10000,4620,2060
1970,980,1980,10000,4630,2060
2150,110,2170,10000,4700,2060
10500,1000,10550,10000,4710,2060
3560,360,3560,10000,4720,2060
4890,190,4890,10000,4730,2060
9210,1200,9220,10000,4740,2060
4200,880,4200,10000,3500,2050
3740,460,3740,10000,3510,2050
4490,500,4500,10000,4540,2050
2040,130,2060,10000,4600,2050
1240,110,1250,10000,4610,2050
2060,90,2080,10000,4620,2050
2130,370,2130,10000,4630,2050
2780,440,2780,10000,3500,2040
3470,300,3470,10000,3510,2040
3120,240,3120,10000,4540,2040
3000,130,3000,10000,4550,2040
2320,90,2330,10000,4600,2040
2370,200,2380,10000,4610,2040
2680,360,2700,10000,4620,2040
2740,140,2750,10000,4630,2040
20770,1190,20780,10000,4840,2040
3410,270,3410,10000,4860,2040
NA,NA,NA,10000,4550,2030
1040,290,1040,10000,4560,2030
4730,200,4730,10000,4570,2030
3220,280,3230,10000,4680,2030
3280,80,3290,10000,4690,2030
4550,600,4560,10000,4700,2030
4250,410,4280,10000,4710,2030
5000,540,5020,10000,4720,2030
6490,1510,6510,10000,4730,2030
7390,1400,7390,10000,4840,2030
19430,3980,19440,10000,4850,2030
7880,530,7890,10000,4860,2030
5420,390,5420,10000,4870,2030
820,140,830,10000,4890,2030
3700,280,3700,10000,5300,2030
3220,140,3220,10000,5310,2030
2060,120,2070,10000,4570,2020
2340,220,2340,10000,4680,2020
3890,170,3910,10000,4690,2020
5390,520,5400,10000,4700,2020
6860,1000,6890,10000,4720,2020
1630,1010,1630,10000,4840,2020
2170,890,2180,10000,4850,2020
23880,7640,23910,10000,4860,2020
8580,2070,8590,10000,4870,2020
15200,4000,15220,10000,4890,2020
6560,1170,6580,10000,4900,2020
4660,580,4670,10000,5300,2020
6310,630,6320,10000,5310,2020
8920,0,8920,10000,2960,2010
6180,1130,6180,10000,3240,2010
6610,430,6610,10000,3250,2010
3210,80,3220,10000,4660,2010
4170,550,4170,10000,4670,2010
2630,100,2640,10000,4680,2010
2500,130,2510,10000,4690,2010
1920,70,1930,10000,4700,2010
3150,230,3170,10000,4710,2010
4600,650,4610,10000,4730,2010
6400,320,6440,10000,4740,2010
5380,820,5410,10000,4750,2010
6030,130,6040,10000,4760,2010
5400,310,5400,10000,4770,2010
4820,850,4830,10000,4900,2010
8230,1320,8240,10000,4920,2010
5460,410,5470,10000,4930,2010
2040,0,2040,10000,5410,2010
770,0,770,10000,5630,2010
6780,0,6780,10000,2960,2000
8730,0,8730,10000,2970,2000
5980,280,5980,10000,3240,2000
4170,570,4170,10000,3250,2000
5750,320,5760,10000,4660,2000
2090,160,2100,10000,4670,2000
5250,590,5270,10000,4680,2000
3490,110,3500,10000,4690,2000
2350,70,2360,10000,4700,2000
1760,340,1760,10000,4710,2000
1980,270,1990,10000,4720,2000
3970,330,4010,10000,4730,2000
3660,300,3690,10000,4740,2000
4970,600,5000,10000,4750,2000
4940,450,4950,10000,4760,2000
5770,270,5770,10000,4770,2000
2810,810,2810,10000,4900,2000
6870,1860,6880,10000,4910,2000
9300,2770,9310,10000,4920,2000
5160,980,5170,10000,4930,2000
3550,50,3550,10000,5620,2000
5430,740,5430,10000,3160,1990
5940,860,5940,10000,3170,1990
3040,300,3040,10000,4680,1990
2350,90,2350,10000,4690,1990
3900,470,3920,10000,4700,1990
1190,100,1190,10000,4710,1990
2700,190,2710,10000,4730,1990
1940,280,1960,10000,4740,1990
4050,430,4060,10000,4750,1990
3940,300,3950,10000,4760,1990
4900,880,4900,10000,4770,1990
4430,410,4430,10000,4780,1990
3280,570,3290,10000,4790,1990
6770,890,6780,10000,4800,1990
7200,1060,7200,10000,4810,1990
10990,2340,11000,10000,4900,1990
2810,720,2810,10000,4910,1990
6960,730,6980,10000,4940,1990
3700,750,3710,10000,4950,1990
5370,980,5370,10000,3160,1980
4780,600,4780,10000,3170,1980
NA,NA,NA,10000,4570,1980
5930,830,5930,10000,4680,1980
1200,110,1210,10000,4690,1980
3060,770,3070,10000,4700,1980
2250,230,2250,10000,4710,1980
2390,430,2400,10000,4720,1980
4950,2070,4960,10000,4740,1980
3260,260,3270,10000,4750,1980
3920,630,3930,10000,4760,1980
5630,340,5630,10000,4770,1980
4230,370,4240,10000,4780,1980
2310,290,2310,10000,4790,1980
3740,430,3750,10000,4800,1980
2330,230,2340,10000,4810,1980
8640,1350,8650,10000,4820,1980
570,0,570,10000,4830,1980
2700,640,2700,10000,4900,1980
3360,280,3360,10000,4910,1980
12310,4710,12320,10000,4940,1980
9370,2300,9400,10000,4950,1980
5100,590,5100,10000,3100,1970
4470,1760,4470,10000,3110,1970
10630,1900,10630,10000,3140,1970
5450,900,5450,10000,3150,1970
5210,830,5210,10000,3160,1970
7430,280,7430,10000,3170,1970
3600,620,3620,10000,4700,1970
1960,270,1980,10000,4710,1970
1430,210,1440,10000,4720,1970
3860,440,3860,10000,4730,1970
7680,240,7690,10000,4780,1970
5150,190,5160,10000,4790,1970
3310,300,3320,10000,4800,1970
4650,320,4660,10000,4810,1970
1600,570,1600,10000,4840,1970
6330,1860,6330,10000,4850,1970
1200,680,1200,10000,4860,1970
6750,2020,6760,10000,4870,1970
19780,5780,19790,10000,4880,1970
13220,1890,13230,10000,4890,1970
13040,2440,13050,10000,4910,1970
1690,720,1690,10000,4940,1970
4570,710,4570,10000,4950,1970
2010,630,2010,10000,4960,1970
NA,NA,NA,10000,5230,1970
6520,1400,6520,10000,3100,1960
7090,1180,7090,10000,3110,1960
5780,870,5780,10000,3140,1960
6890,1870,6890,10000,3150,1960
7950,1840,7950,10000,3160,1960
10020,430,10020,10000,3170,1960
1500,110,1520,10000,4700,1960
1600,90,1610,10000,4710,1960
3660,750,3670,10000,4720,1960
3370,630,3380,10000,4730,1960
4770,300,4790,10000,4780,1960
3190,120,3210,10000,4790,1960
4960,840,4970,10000,4800,1960
15000,2050,15010,10000,4810,1960
6050,1490,6050,10000,4840,1960
3900,730,3900,10000,4860,1960
4630,1350,4630,10000,4870,1960
9230,2810,9240,10000,4880,1960
8060,1980,8070,10000,4890,1960
630,250,630,10000,4900,1960
1460,220,1460,10000,4910,1960
1000,450,1000,10000,4940,1960
7730,1010,7740,10000,4950,1960
8420,2330,8430,10000,4960,1960
13290,2440,13310,10000,4970,1960
NA,NA,NA,10000,5400,1960
NA,NA,NA,10000,5720,1960
NA,NA,NA,10000,2630,1950
6580,1100,6580,10000,3120,1950
6000,790,6000,10000,3130,1950
8190,2030,8190,10000,3160,1950
8970,1350,8970,10000,3170,1950
2290,180,2290,10000,3480,1950
1300,260,1300,10000,4730,1950
2870,320,2880,10000,4750,1950
1940,170,1940,10000,4770,1950
4500,460,4500,10000,4820,1950
2940,480,2940,10000,4830,1950
3640,680,3640,10000,4840,1950
6420,1070,6420,10000,3120,1940
5730,1300,5730,10000,3130,1940
7600,910,7600,10000,3160,1940
3920,750,3920,10000,3170,1940
3600,760,3600,10000,4740,1940
3730,370,3750,10000,4750,1940
5150,750,5180,10000,4760,1940
3680,750,3680,10000,4770,1940
2320,300,2320,10000,4840,1940
9440,1180,9440,10000,3140,1930
12840,1770,12840,10000,3150,1930
12000,1330,12000,10000,3160,1930
7560,910,7560,10000,3170,1930
7430,520,7430,10000,3180,1930
8190,210,8190,10000,3190,1930
8020,1230,8020,10000,3200,1930
6980,1270,6980,10000,3210,1930
1520,120,1520,10000,4740,1930
2960,480,2970,10000,4750,1930
2280,540,2290,10000,4760,1930
5290,680,5300,10000,4770,1930
2400,110,2410,10000,4800,1930
3890,100,3900,10000,4810,1930
2900,660,2900,10000,4840,1930
4160,170,4170,10000,4890,1930
6100,850,6110,10000,5000,1930
6620,590,6650,10000,5010,1930
4210,470,4230,10000,5040,1930
5950,260,5960,10000,5700,1930
640,90,640,10000,5720,1930
3770,350,3800,10000,5730,1930
5630,540,5630,10000,3140,1920
8290,940,8290,10000,3150,1920
10450,2230,10450,10000,3160,1920
7150,2120,7160,10000,3170,1920
9060,790,9060,10000,3180,1920
8860,460,8860,10000,3190,1920
7380,400,7380,10000,3200,1920
8060,730,8060,10000,3210,1920
2350,550,2360,10000,4740,1920
1720,360,1730,10000,4750,1920
2200,480,2200,10000,4760,1920
4480,450,4490,10000,4770,1920
2620,190,2630,10000,4800,1920
2180,80,2190,10000,4810,1920
2200,470,2200,10000,4840,1920
8290,3350,8300,10000,4850,1920
3030,650,3040,10000,4880,1920
5270,960,5280,10000,4890,1920
1400,180,1400,10000,5000,1920
5360,400,5390,10000,5010,1920
3390,330,3400,10000,5040,1920
NA,NA,NA,10000,5440,1920
2960,230,2960,10000,5700,1920
2260,260,2270,10000,5710,1920
3030,520,3040,10000,5720,1920
4150,480,4170,10000,5730,1920
4610,950,4610,10000,3120,1910
9660,1180,9660,10000,3130,1910
7440,1820,7440,10000,3160,1910
6060,2230,6060,10000,3170,1910
7880,1620,7880,10000,3180,1910
7110,750,7110,10000,3190,1910
9310,1010,9310,10000,3200,1910
7050,390,7050,10000,3210,1910
5210,500,5210,10000,3340,1910
3380,510,3380,10000,3350,1910
2060,540,2070,10000,4750,1910
5640,1350,5640,10000,4880,1910
5690,510,5690,10000,3120,1900
3640,750,3640,10000,3130,1900
7900,1570,7900,10000,3160,1900
9130,1370,9130,10000,3170,1900
6000,690,6000,10000,3180,1900
9100,690,9100,10000,3190,1900
7830,350,7830,10000,3200,1900
8420,920,8420,10000,3210,1900
2710,0,2710,10000,3790,1900
2450,650,2450,10000,4880,1900
20,0,20,10000,5140,1900
2720,50,2770,10000,5150,1900
7570,430,7570,10000,2860,1890
8650,420,8650,10000,2870,1890
6680,650,6680,10000,3120,1890
8180,1750,8180,10000,3130,1890
9480,960,9480,10000,3180,1890
10520,1230,10520,10000,3190,1890
8930,2460,8930,10000,3200,1890
7210,900,7210,10000,3220,1890
5600,570,5600,10000,3230,1890
5710,2300,5710,10000,3350,1890
4700,430,4700,10000,3790,1890
2860,1350,2860,10000,4880,1890
970,10,1000,10000,5150,1890
4390,130,4390,10000,5400,1890
3740,170,3740,10000,5410,1890
7210,1990,7210,10000,2860,1880
8080,1520,8080,10000,2870,1880
7670,690,7670,10000,3120,1880
8120,520,8120,10000,3130,1880
8680,420,8680,10000,3180,1880
6520,380,6520,10000,3190,1880
9360,1210,9360,10000,3200,1880
8610,1010,8610,10000,3220,1880
7500,440,7500,10000,3230,1880
9940,1350,9940,10000,3300,1880
2440,570,2440,10000,3340,1880
3870,710,3870,10000,3350,1880
2430,230,2430,10000,5400,1880
4260,210,4260,10000,5410,1880
8530,410,8530,10000,2880,1870
8380,670,8380,10000,2890,1870
9390,400,9390,10000,2900,1870
8430,970,8430,10000,2910,1870
9060,470,9060,10000,3120,1870
9200,730,9200,10000,3130,1870
9670,550,9670,10000,3140,1870
9710,300,9710,10000,3150,1870
7370,880,7370,10000,3300,1870
7830,1210,7830,10000,3310,1870
5110,960,5110,10000,3330,1870
7070,2980,7080,10000,4850,1870
3410,950,3420,10000,4870,1870
4410,140,4420,10000,5380,1870
3840,590,3850,10000,5390,1870
5960,670,5960,10000,2880,1860
6570,500,6570,10000,2890,1860
9430,880,9430,10000,2900,1860
8840,1500,8840,10000,2910,1860
7200,990,7200,10000,3120,1860
6650,530,6650,10000,3130,1860
8070,1080,8070,10000,3140,1860
9620,420,9620,10000,3150,1860
7000,280,7000,10000,3300,1860
6850,770,6850,10000,3310,1860
5760,1080,5760,10000,3320,1860
7450,670,7450,10000,3330,1860
6130,780,6140,10000,4840,1860
3070,680,3080,10000,4850,1860
2340,870,2340,10000,4870,1860
4630,150,4630,10000,5380,1860
4810,440,4820,10000,5390,1860
7910,980,7910,10000,2880,1850
6960,710,6960,10000,2890,1850
7070,810,7070,10000,2980,1850
9340,960,9340,10000,2990,1850
5240,1110,5240,10000,3140,1850
7620,470,7620,10000,3150,1850
8020,1740,8020,10000,3160,1850
8070,850,8070,10000,3170,1850
6280,900,6280,10000,4220,1850
5050,420,5050,10000,4230,1850
3580,350,3590,10000,4840,1850
3960,670,3970,10000,4850,1850
3540,1010,3550,10000,4860,1850
1940,960,1940,10000,4910,1850
7390,520,7390,10000,2880,1840
8710,860,8710,10000,2890,1840
10220,2430,10220,10000,2980,1840
7720,1360,7720,10000,2990,1840
7590,830,7590,10000,3140,1840
6150,380,6150,10000,3150,1840
6750,450,6750,10000,3160,1840
8910,2110,8910,10000,3170,1840
7930,330,7940,10000,4220,1840
7450,300,7450,10000,4230,1840
1130,190,1140,10000,4840,1840
3300,740,3310,10000,4850,1840
3030,500,3050,10000,4860,1840
3710,900,3730,10000,4870,1840
2210,980,2210,10000,4900,1840
5840,3120,5840,10000,2840,1830
8570,2630,8570,10000,2850,1830
6580,1230,6590,10000,2980,1830
8300,1470,8300,10000,2990,1830
8970,1390,8970,10000,3000,1830
6290,690,6290,10000,3010,1830
8630,2590,8630,10000,3020,1830
7330,1840,7330,10000,3030,1830
8030,1270,8030,10000,3180,1830
7570,1290,7570,10000,3190,1830
5670,540,5670,10000,3200,1830
5320,760,5320,10000,3210,1830
5050,2630,5060,10000,4910,1830
450,280,450,10000,4920,1830
NA,NA,NA,10000,5260,1830
30,0,30,10000,5270,1830
3640,2170,3640,10000,2840,1820
5170,3380,5170,10000,2850,1820
6800,2120,6800,10000,2980,1820
7140,2070,7140,10000,2990,1820
7260,2680,7260,10000,3000,1820
7790,2580,7790,10000,3010,1820
6160,1560,6160,10000,3020,1820
7860,3460,7860,10000,3030,1820
9160,1020,9160,10000,3180,1820
6060,970,6060,10000,3190,1820
5650,550,5650,10000,3200,1820
4480,580,4480,10000,3210,1820
NA,NA,NA,10000,3580,1820
330,0,330,10000,4280,1820
5950,3660,5960,10000,4920,1820
2260,250,2270,10000,5260,1820
3510,730,3520,10000,5270,1820
6300,1830,6300,10000,2840,1810
4700,2980,4700,10000,2850,1810
5080,2920,5080,10000,2860,1810
7630,4260,7630,10000,2870,1810
4130,1500,4130,10000,3000,1810
6570,2310,6570,10000,3010,1810
7310,2700,7310,10000,3020,1810
10690,4620,10690,10000,3030,1810
6000,1270,6000,10000,3200,1810
4570,1210,4570,10000,3210,1810
3130,1010,3130,10000,3260,1810
4660,640,4660,10000,3270,1810
5620,900,5620,10000,3320,1810
6550,840,6550,10000,3330,1810
2720,900,2730,10000,4900,1810
3530,1770,3540,10000,4910,1810
3910,860,3910,10000,4920,1810
1550,430,1550,10000,4930,1810
3220,230,3230,10000,5280,1810
2140,400,2150,10000,5290,1810
920,90,920,10000,5300,1810
870,40,880,10000,5310,1810
1620,480,1620,10000,2840,1800
3810,1900,3820,10000,2850,1800
3560,1170,3570,10000,2860,1800
3490,2260,3490,10000,2870,1800
4850,2340,4850,10000,3000,1800
6470,3730,6470,10000,3010,1800
7590,2870,7590,10000,3030,1800
4650,1350,4650,10000,3200,1800
5060,770,5060,10000,3210,1800
1420,690,1420,10000,3260,1800
3700,690,3700,10000,3270,1800
5270,2060,5270,10000,3320,1800
5840,1160,5840,10000,3330,1800
NA,NA,NA,10000,3550,1800
5530,2750,5540,10000,4920,1800
3580,1140,3580,10000,4930,1800
6870,2670,6870,10000,4940,1800
1930,210,1940,10000,5280,1800
3060,210,3070,10000,5290,1800
3980,190,4000,10000,5300,1800
3050,130,3060,10000,5310,1800
7170,2710,7170,10000,2940,1790
6780,4230,6780,10000,2950,1790
5210,1020,5210,10000,3300,1790
7400,2110,7400,10000,3310,1790
2700,540,2700,10000,3340,1790
4840,1570,4840,10000,3350,1790
4800,1720,4800,10000,3360,1790
3910,490,3910,10000,3370,1790
2200,260,2200,10000,3380,1790
2470,490,2470,10000,3390,1790
1710,390,1710,10000,4880,1790
2540,760,2540,10000,4890,1790
1360,370,1370,10000,5280,1790
2020,260,2030,10000,5290,1790
5540,410,5550,10000,5300,1790
4380,760,4390,10000,5310,1790
5970,3970,5970,10000,2940,1780
7840,4380,7840,10000,2950,1780
4330,460,4330,10000,3300,1780
5940,1810,5940,10000,3310,1780
3120,1240,3120,10000,3320,1780
4440,1330,4440,10000,3340,1780
5340,1490,5340,10000,3350,1780
3100,1180,3100,10000,3360,1780
2750,410,2750,10000,3370,1780
1500,300,1500,10000,3380,1780
1970,370,1980,10000,3390,1780
3310,1360,3320,10000,4880,1780
3310,1180,3310,10000,4900,1780
3050,1600,3050,10000,4910,1780
420,0,420,10000,5280,1780
3470,980,3470,10000,5290,1780
3490,210,3500,10000,5300,1780
1740,130,1750,10000,5310,1780
3230,1490,3230,10000,3340,1770
4900,1830,4900,10000,3350,1770
5210,2210,5220,10000,4880,1770
3270,1470,3270,10000,4890,1770
20,0,20,10000,5760,1770
180,0,180,10000,5770,1770
2930,890,2930,10000,3340,1760
2020,430,2020,10000,3350,1760
2530,1200,2540,10000,4890,1760
280,0,280,10000,5770,1760
180,0,180,10000,5820,1760
5510,2730,5510,10000,3300,1750
3160,590,3170,10000,3310,1750
NA,NA,NA,10000,3400,1750
2400,530,2410,10000,4840,1750
7100,2560,7120,10000,4850,1750
2320,990,2330,10000,4860,1750
2470,560,2480,10000,4870,1750
2390,520,2390,10000,3310,1740
3130,720,3150,10000,4860,1740
1290,260,1290,10000,4870,1740
NA,NA,NA,10000,2810,1730
8410,420,8410,10000,3060,1730
8460,190,8460,10000,3070,1730
4180,1160,4180,10000,3200,1730
5730,2230,5730,10000,3210,1730
6360,3560,6360,10000,3220,1730
2850,1090,2850,10000,3280,1730
4210,650,4210,10000,3300,1730
4450,920,4450,10000,3310,1730
4120,260,4120,10000,3360,1730
4260,190,4260,10000,3370,1730
830,0,830,10000,3380,1730
4010,1870,4020,10000,4850,1730
2000,250,2000,10000,4880,1730
7720,130,7720,10000,3060,1720
7970,530,7970,10000,3070,1720
6230,2310,6230,10000,3200,1720
7580,2010,7590,10000,3210,1720
8070,5420,8070,10000,3220,1720
8270,5130,8270,10000,3230,1720
2590,1430,2590,10000,3280,1720
2290,600,2290,10000,3290,1720
1450,200,1450,10000,3300,1720
3040,660,3050,10000,3310,1720
4380,830,4380,10000,3360,1720
2060,220,2060,10000,3370,1720
110,0,110,10000,3380,1720
2560,530,2560,10000,4880,1720
1250,480,1250,10000,4890,1720
4870,1410,4870,10000,3180,1710
4990,560,4990,10000,3200,1710
5090,3590,5090,10000,3220,1710
6690,3230,6690,10000,3230,1710
4490,1260,4490,10000,3240,1710
3320,1990,3320,10000,3250,1710
2180,760,2180,10000,3260,1710
2980,1490,2980,10000,3270,1710
1810,120,1810,10000,3300,1710
3730,530,3730,10000,3310,1710
2600,340,2600,10000,3320,1710
2560,270,2560,10000,3330,1710
NA,NA,NA,10000,4750,1710
3650,1250,3670,10000,4830,1710
1740,310,1740,10000,4860,1710
2510,540,2520,10000,4870,1710
370,0,380,10000,5260,1710
3990,510,3990,10000,3180,1700
4480,1020,4480,10000,3190,1700
3530,1500,3530,10000,3200,1700
5610,4160,5610,10000,3220,1700
5180,3000,5180,10000,3230,1700
3750,1220,3750,10000,3240,1700
2430,1210,2430,10000,3270,1700
6380,240,6380,10000,3300,1700
4870,210,4870,10000,3310,1700
4410,630,4420,10000,3320,1700
4120,400,4120,10000,3330,1700
810,180,810,10000,4820,1700
3940,1170,3950,10000,4830,1700
2200,610,2210,10000,4850,1700
2270,720,2270,10000,4870,1700
3490,50,3540,10000,5270,1700
40,0,40,10000,5720,1700
8760,820,8760,10000,2940,1690
6350,2320,6350,10000,2950,1690
6010,920,6010,10000,3140,1690
3890,1540,3890,10000,3150,1690
6860,1340,6860,10000,3160,1690
6300,2200,6300,10000,3170,1690
6740,1920,6740,10000,3200,1690
1600,450,1600,10000,3270,1690
2960,110,2960,10000,3280,1690
3640,220,3640,10000,3290,1690
1040,150,1040,10000,4800,1690
6750,1970,6750,10000,4810,1690
2220,690,2230,10000,4860,1690
5960,1580,5960,10000,2940,1680
8130,2550,8130,10000,2950,1680
3590,580,3590,10000,3140,1680
3930,1020,3930,10000,3150,1680
5580,1410,5590,10000,3160,1680
1790,670,1790,10000,3170,1680
4680,830,4680,10000,3200,1680
2610,990,2610,10000,3210,1680
2910,1610,2910,10000,3220,1680
3430,1510,3430,10000,3240,1680
1630,480,1630,10000,3250,1680
2210,840,2210,10000,3260,1680
3180,330,3180,10000,3270,1680
3880,140,3880,10000,3280,1680
1340,930,1340,10000,3290,1680
2300,540,2310,10000,4730,1680
920,200,930,10000,4800,1680
630,0,630,10000,5740,1680
6670,190,6670,10000,2920,1670
6490,1390,6490,10000,2930,1670
6050,1280,6050,10000,2940,1670
6440,930,6440,10000,2950,1670
4200,180,4200,10000,3140,1670
4320,740,4320,10000,3150,1670
2170,420,2170,10000,3240,1670
2530,300,2530,10000,3250,1670
570,0,570,10000,3300,1670
2370,370,2370,10000,4600,1670
7090,3940,7100,10000,4710,1670
11180,4270,11190,10000,4720,1670
10360,1930,10370,10000,4730,1670
18610,1940,18620,10000,4740,1670
3340,840,3340,10000,4750,1670
2990,810,3000,10000,4760,1670
7280,3640,7280,10000,4770,1670
510,120,510,10000,4860,1670
30,0,30,10000,5480,1670
40,0,40,10000,5490,1670
10230,630,10230,10000,2920,1660
5520,2190,5520,10000,2930,1660
4290,2460,4290,10000,2940,1660
6550,790,6550,10000,2950,1660
3690,0,3690,10000,3140,1660
2320,630,2320,10000,3150,1660
2120,620,2130,10000,3240,1660
1440,400,1440,10000,3250,1660
4070,2160,4080,10000,4600,1660
4080,1310,4090,10000,4610,1660
1060,110,1070,10000,4660,1660
2700,1490,2700,10000,4670,1660
7310,4210,7310,10000,4700,1660
2860,590,2860,10000,4760,1660
2820,410,2830,10000,4770,1660
3490,980,3490,10000,2980,1650
3410,440,3420,10000,2990,1650
5110,810,5120,10000,3000,1650
3660,550,3660,10000,3010,1650
4410,380,4410,10000,3040,1650
4300,170,4300,10000,3050,1650
3770,1850,3770,10000,4580,1650
NA,NA,NA,10000,4610,1650
7450,1580,7460,10000,4640,1650
5410,1320,5420,10000,4650,1650
4580,1940,4580,10000,4660,1650
NA,NA,NA,10000,4670,1650
5230,1230,5230,10000,4690,1650
1010,140,1010,10000,4760,1650
2160,730,2160,10000,4770,1650
1960,290,1960,10000,4780,1650
2100,70,2100,10000,2980,1640
4060,500,4060,10000,3010,1640
2700,250,2710,10000,3040,1640
NA,NA,NA,10000,4590,1640
2790,410,2790,10000,4600,1640
16570,2810,16580,10000,4610,1640
8950,2250,8950,10000,4670,1640
7700,980,7700,10000,4680,1640
11470,3860,11490,10000,4690,1640
16440,5380,16460,10000,4710,1640
NA,NA,NA,10000,4730,1640
210,0,210,10000,5480,1640
9140,3480,9140,10000,2880,1630
5700,2730,5700,10000,2890,1630
6970,3620,6970,10000,2900,1630
5130,2730,5130,10000,2910,1630
1500,90,1510,10000,3000,1630
2440,340,2440,10000,3010,1630
760,50,760,10000,3020,1630
1250,60,1250,10000,3040,1630
3000,260,3000,10000,3050,1630
1850,290,1850,10000,3060,1630
1820,80,1820,10000,3070,1630
1010,140,1010,10000,3120,1630
3430,720,3440,10000,3130,1630
2990,850,2990,10000,3140,1630
1140,480,1140,10000,3150,1630
7790,1980,7790,10000,4530,1630
2880,540,2880,10000,4590,1630
3030,1500,3030,10000,4600,1630
5890,1230,5890,10000,4610,1630
NA,NA,NA,10000,4630,1630
NA,NA,NA,10000,4700,1630
2260,520,2260,10000,4710,1630
1250,350,1250,10000,4760,1630
4260,290,4270,10000,5360,1630
3590,220,3600,10000,5370,1630
1020,0,1020,10000,5600,1630
450,0,450,10000,5610,1630
90,0,90,10000,5620,1630
140,0,140,10000,5910,1630
7820,2320,7820,10000,2880,1620
11560,4310,11560,10000,2890,1620
5220,2810,5220,10000,2900,1620
2960,1810,2960,10000,2910,1620
1520,30,1520,10000,3000,1620
80,0,80,10000,3010,1620
1910,120,1920,10000,3130,1620
1690,580,1690,10000,3140,1620
1390,230,1390,10000,3150,1620
6540,750,6550,10000,4580,1620
9700,1450,9710,10000,4710,1620
6680,1570,6690,10000,4760,1620
2590,150,2590,10000,5360,1620
2970,190,2980,10000,5370,1620
4000,870,4000,10000,2870,1610
NA,NA,NA,10000,3000,1610
1180,20,1180,10000,3150,1610
NA,NA,NA,10000,4550,1610
2840,320,2840,10000,4590,1610
NA,NA,NA,10000,4660,1610
4910,860,4910,10000,4670,1610
680,0,680,10000,5460,1610
4200,90,4210,10000,5470,1610
3350,150,3350,10000,4660,1600
3510,640,3510,10000,4670,1600
2130,1250,2130,10000,2890,1590
13580,10060,13580,10000,2900,1590
3950,2640,3950,10000,2910,1590
7660,680,7660,10000,4640,1590
1680,70,1690,10000,4650,1590
8470,350,8470,10000,4660,1590
5380,140,5380,10000,4670,1590
9470,820,9480,10000,4740,1590
4010,100,4010,10000,4750,1590
1840,630,1840,10000,4780,1590
3280,1970,3280,10000,2910,1580
7090,1180,7090,10000,4640,1580
3530,100,3530,10000,4650,1580
3620,480,3620,10000,4660,1580
1810,360,1810,10000,4740,1580
2520,590,2520,10000,4750,1580
2220,1150,2220,10000,4780,1580
NA,NA,NA,10000,4660,1570
3120,1080,3120,10000,4750,1570
3200,900,3200,10000,4760,1570
5120,2310,5130,10000,4770,1570
2860,1190,2860,10000,4780,1570
7550,2670,7550,10000,4790,1570
6490,730,6490,10000,4670,1560
NA,NA,NA,10000,4710,1560
3260,510,3270,10000,4740,1560
3450,460,3450,10000,4750,1560
8520,1010,8520,10000,4760,1560
1670,620,1670,10000,4780,1560
960,300,960,10000,4790,1560
26430,4180,26440,10000,4740,1550
2510,480,2510,10000,4750,1550
NA,NA,NA,10000,5880,1550
16030,2880,16040,10000,4740,1540
3720,570,3730,10000,4750,1540
30,0,30,10000,1870,1530
NA,NA,NA,10000,1880,1530
640,20,650,10000,1820,1520
NA,NA,NA,10000,5520,1520
7020,1570,7030,10000,5620,1470
4060,670,4080,10000,5630,1470
530,80,530,10000,1590,1130
860,30,870,10000,1590,1110
470,20,470,10000,1590,1100
390,90,390,10000,1700,1020
630,20,630,10000,1710,1020
1000,50,1000,10000,1690,1010
NA,NA,NA,10000,1950,980
NA,NA,NA,20000,4880,5260
NA,NA,NA,20000,5060,5260
NA,NA,NA,20000,4680,5240
NA,NA,NA,20000,4720,5240
NA,NA,NA,20000,4840,5240
NA,NA,NA,20000,4980,5160
NA,NA,NA,20000,4720,5140
NA,NA,NA,20000,4540,5120
NA,NA,NA,20000,4560,5120
NA,NA,NA,20000,4820,5080
1150,0,1150,20000,4500,5060
NA,NA,NA,20000,5020,5060
NA,NA,NA,20000,4560,4980
660,0,660,20000,5120,4900
540,0,540,20000,5140,4900
410,0,410,20000,5120,4880
390,0,390,20000,5140,4880
NA,NA,NA,20000,4560,4860
NA,NA,NA,20000,4780,4780
NA,NA,NA,20000,4600,4760
NA,NA,NA,20000,5280,4660
NA,NA,NA,20000,4980,4640
6280,1140,6280,20000,5160,4580
3990,650,3990,20000,5180,4580
NA,NA,NA,20000,4440,4560
4040,1280,4040,20000,5160,4560
5430,460,5430,20000,5180,4560
3550,1140,3550,20000,5280,4540
2760,1170,2760,20000,5300,4540
4960,1060,4960,20000,5280,4520
5670,770,5670,20000,5300,4520
740,0,740,20000,4280,4500
5290,310,5290,20000,4300,4500
7660,1180,7660,20000,4920,4500
8010,1290,8010,20000,4940,4500
3570,1150,3570,20000,5360,4500
420,0,420,20000,5380,4500
510,0,510,20000,4280,4480
2290,340,2290,20000,4300,4480
16780,1430,16780,20000,4920,4480
17270,1020,17270,20000,4940,4480
6050,2190,6050,20000,5360,4480
6710,1170,6710,20000,5000,4460
4510,1210,4510,20000,5020,4460
NA,NA,NA,20000,4180,4440
5810,450,5810,20000,5000,4440
4590,700,4590,20000,5020,4440
2760,690,2760,20000,4900,4380
8330,920,8330,20000,4960,4380
1760,210,1760,20000,4980,4380
560,0,560,20000,4900,4360
5790,620,5790,20000,4960,4360
8350,1660,8350,20000,4980,4360
7440,2320,7440,20000,5000,4340
5820,410,5820,20000,5020,4340
NA,NA,NA,20000,5320,4340
6180,1290,6180,20000,5000,4320
5940,1300,5940,20000,5020,4320
4080,1100,4080,20000,4620,4300
3870,1480,3870,20000,4640,4300
2790,1120,2790,20000,4660,4300
6350,1840,6350,20000,5200,4300
5800,1210,5800,20000,5220,4300
NA,NA,NA,20000,4600,4280
NA,NA,NA,20000,4620,4280
1590,640,1590,20000,4640,4280
1080,0,1080,20000,4660,4280
14540,1970,14540,20000,5200,4280
11420,2770,11420,20000,5220,4280
18650,730,18650,20000,5000,4260
17630,1100,17630,20000,5020,4260
15120,2820,15120,20000,5160,4260
11980,2210,11980,20000,5180,4260
NA,NA,NA,20000,4020,4240
NA,NA,NA,20000,4580,4240
14400,1030,14400,20000,5000,4240
21320,2380,21320,20000,5020,4240
12760,2360,12760,20000,5160,4240
7450,1850,7450,20000,5180,4240
18430,3250,18430,20000,5000,4220
15510,1770,15510,20000,5020,4220
23200,4800,23200,20000,5040,4220
9170,1970,9170,20000,5060,4220
8750,1040,8750,20000,5080,4220
9810,2310,9810,20000,5100,4220
13310,1080,13310,20000,5000,4200
11270,570,11270,20000,5020,4200
10290,600,10290,20000,5040,4200
6860,1530,6860,20000,5060,4200
6180,1630,6180,20000,5080,4200
4160,570,4160,20000,5100,4200
NA,NA,NA,20000,4160,4180
NA,NA,NA,20000,5120,4180
NA,NA,NA,20000,4160,4140
340,0,340,20000,4800,4140
4520,1100,4520,20000,4860,4140
NA,NA,NA,20000,4920,4140
NA,NA,NA,20000,5040,4140
NA,NA,NA,20000,5320,4140
3920,2130,3920,20000,4800,4120
11570,2440,11570,20000,4680,4100
6680,1230,6680,20000,4700,4100
6730,1620,6730,20000,4720,4100
16620,1900,16620,20000,4740,4100
13870,2140,13880,20000,5200,4100
11080,1200,11090,20000,5220,4100
17930,1920,17930,20000,4680,4080
18910,2710,18910,20000,4700,4080
18790,2550,18790,20000,4720,4080
11650,1270,11650,20000,4740,4080
7630,1790,7640,20000,5200,4080
17200,1450,17210,20000,5220,4080
3100,1360,3100,20000,4480,4060
4930,2250,4930,20000,4500,4060
2920,870,2920,20000,4600,4060
2260,640,2260,20000,4620,4060
3250,1270,3250,20000,4480,4040
8220,3060,8220,20000,4500,4040
6550,580,6550,20000,4600,4040
8240,2030,8240,20000,4620,4040
1350,990,1350,20000,5020,4040
230,0,230,20000,4240,4020
5050,300,5050,20000,4260,4020
16880,2940,16880,20000,4600,4020
11980,2670,11980,20000,4620,4020
13480,4160,13480,20000,5120,4020
10320,2210,10320,20000,5140,4020
20500,4260,20510,20000,5280,4020
12480,2810,12480,20000,5300,4020
360,0,360,20000,4240,4000
200,0,200,20000,4260,4000
14530,1450,14530,20000,4600,4000
14560,3980,14560,20000,4620,4000
4180,1840,4180,20000,5120,4000
6360,1830,6360,20000,5140,4000
12470,5190,12480,20000,5280,4000
10730,1280,10740,20000,5300,4000
NA,NA,NA,20000,4760,3980
6880,1660,6890,20000,5040,3980
10120,3170,10130,20000,5060,3980
NA,NA,NA,20000,5080,3980
9040,3910,9050,20000,5200,3980
8890,3750,8900,20000,5220,3980
6610,2090,6620,20000,5280,3980
13300,1060,13310,20000,5300,3980
7270,2340,7290,20000,5320,3980
4620,2180,4630,20000,5340,3980
6360,1430,6370,20000,5040,3960
2200,1360,2200,20000,5060,3960
8080,840,8090,20000,5200,3960
14640,1510,14640,20000,5220,3960
12890,2540,12910,20000,5280,3960
10170,4670,10180,20000,5300,3960
5320,2390,5330,20000,5320,3960
5120,2320,5120,20000,5340,3960
2420,850,2420,20000,4380,3940
12510,4880,12510,20000,4520,3940
20730,7620,20730,20000,4540,3940
6450,1340,6450,20000,4600,3940
15540,3010,15540,20000,4620,3940
9880,3120,9880,20000,4640,3940
14130,2080,14130,20000,4660,3940
17620,1790,17620,20000,4680,3940
9630,3520,9630,20000,4700,3940
16320,2290,16330,20000,5200,3940
8070,2130,8070,20000,5220,3940
4910,2990,4910,20000,5280,3940
10520,3660,10530,20000,5300,3940
6670,2670,6680,20000,5320,3940
4370,1080,4380,20000,5340,3940
2030,1190,2030,20000,4380,3920
13350,4620,13350,20000,4520,3920
13830,5340,13830,20000,4540,3920
26400,3030,26400,20000,4600,3920
22940,5780,22940,20000,4620,3920
14630,5810,14630,20000,4640,3920
12380,4560,12380,20000,4660,3920
6170,2700,6170,20000,4680,3920
5530,1030,5530,20000,4700,3920
8260,560,8270,20000,5200,3920
17150,1150,17160,20000,5220,3920
13490,4780,13490,20000,5280,3920
7830,2670,7840,20000,5300,3920
10380,3740,10390,20000,5320,3920
11660,1490,11670,20000,5340,3920
4350,1890,4350,20000,4400,3900
4490,1400,4490,20000,4420,3900
7370,1610,7370,20000,4440,3900
12830,2010,12830,20000,4460,3900
25800,1940,25800,20000,4480,3900
21930,1520,21930,20000,4500,3900
18800,7120,18800,20000,4520,3900
15250,4550,15250,20000,4540,3900
12620,2980,12630,20000,5200,3900
10020,830,10030,20000,5220,3900
16290,1630,16310,20000,5240,3900
7920,720,7920,20000,5260,3900
10940,3490,10950,20000,5280,3900
10870,2160,10880,20000,5300,3900
13650,4280,13670,20000,5320,3900
11390,2260,11410,20000,5340,3900
10100,2310,10120,20000,5360,3900
5220,760,5220,20000,5380,3900
3240,580,3240,20000,4400,3880
4760,1130,4760,20000,4420,3880
6890,2640,6890,20000,4440,3880
7610,1270,7610,20000,4460,3880
15000,5310,15000,20000,4480,3880
8940,2380,8940,20000,4500,3880
19390,2330,19390,20000,4520,3880
9130,1830,9130,20000,4540,3880
8030,2970,8030,20000,4820,3880
NA,NA,NA,20000,5080,3880
13360,3170,13380,20000,5200,3880
10970,3360,10990,20000,5220,3880
10040,1490,10060,20000,5240,3880
12700,4780,12730,20000,5260,3880
7300,3080,7320,20000,5280,3880
17900,3550,17920,20000,5300,3880
8780,2010,8790,20000,5320,3880
8900,2280,8920,20000,5340,3880
11550,2660,11550,20000,5380,3880
700,0,700,20000,4800,3860
16440,1050,16440,20000,4820,3860
9930,990,9950,20000,5200,3860
7560,1880,7570,20000,5220,3860
7370,3560,7370,20000,5240,3860
8620,2260,8640,20000,5260,3860
12210,3660,12220,20000,5280,3860
11770,2280,11780,20000,5300,3860
14620,5380,14630,20000,5320,3860
7030,810,7040,20000,5340,3860
15110,2750,15120,20000,5360,3860
18800,3700,18810,20000,5380,3860
NA,NA,NA,20000,4340,3840
8810,2090,8810,20000,4800,3840
17730,3830,17730,20000,4820,3840
8200,750,8210,20000,5200,3840
13200,1170,13220,20000,5220,3840
9190,3150,9200,20000,5240,3840
15920,5880,15920,20000,5260,3840
9290,2860,9300,20000,5280,3840
9300,2100,9310,20000,5300,3840
23470,1920,23480,20000,5320,3840
16080,740,16090,20000,5340,3840
13190,1830,13220,20000,5360,3840
13220,3630,13250,20000,5380,3840
15710,2740,15710,20000,4320,3820
7630,1090,7630,20000,4340,3820
NA,NA,NA,20000,4840,3820
6100,1820,6110,20000,5040,3820
11610,1090,11630,20000,5060,3820
9920,2260,9930,20000,5320,3820
24090,3090,24130,20000,5340,3820
6230,1000,6230,20000,5400,3820
6980,1200,6980,20000,5420,3820
19270,2280,19270,20000,4320,3800
6310,1410,6310,20000,4340,3800
10780,2490,10790,20000,5040,3800
17640,910,17650,20000,5060,3800
15390,2040,15410,20000,5340,3800
6750,1420,6760,20000,5400,3800
3780,1020,3780,20000,5420,3800
10630,1680,10630,20000,4280,3780
29720,4210,29720,20000,4300,3780
4570,670,4570,20000,4440,3780
11850,2060,11850,20000,4460,3780
900,0,900,20000,4980,3780
17090,1970,17100,20000,5000,3780
18300,2430,18310,20000,5020,3780
6930,1580,6930,20000,5240,3780
13060,1230,13070,20000,5260,3780
8920,610,8930,20000,5280,3780
10540,1120,10550,20000,5300,3780
16690,5000,16700,20000,5320,3780
18000,3530,18010,20000,5340,3780
13650,4140,13670,20000,5360,3780
14280,3540,14300,20000,5380,3780
15380,1310,15380,20000,4220,3760
18020,2250,18020,20000,4280,3760
25730,2120,25730,20000,4300,3760
20500,2750,20500,20000,4460,3760
430,0,430,20000,4980,3760
20440,630,20470,20000,5000,3760
18170,1490,18190,20000,5020,3760
17340,4940,17340,20000,5240,3760
16690,4020,16690,20000,5260,3760
16200,2590,16200,20000,5280,3760
22010,4710,22020,20000,5300,3760
20790,1510,20810,20000,5320,3760
10100,1660,10120,20000,5340,3760
11230,1370,11250,20000,5360,3760
9380,1790,9390,20000,5380,3760
15120,2800,15120,20000,4240,3740
12680,1570,12680,20000,4260,3740
25140,2490,25140,20000,4280,3740
27430,4190,27430,20000,4300,3740
NA,NA,NA,20000,4460,3740
22420,1800,22420,20000,5040,3740
22430,3250,22430,20000,5060,3740
25120,2460,25120,20000,5240,3740
19180,1120,19180,20000,5260,3740
19780,1320,19780,20000,5280,3740
13660,1210,13660,20000,5300,3740
5310,1150,5320,20000,5360,3740
18800,2620,18800,20000,4240,3720
17020,1760,17020,20000,4260,3720
27320,2140,27320,20000,4280,3720
27020,3010,27020,20000,4300,3720
21360,750,21360,20000,5040,3720
19240,2960,19240,20000,5060,3720
21070,2480,21070,20000,5240,3720
18720,2100,18720,20000,5260,3720
20170,2880,20170,20000,5280,3720
11710,1140,11710,20000,5300,3720
16940,2130,16940,20000,4200,3700
22490,4030,22490,20000,4220,3700
22010,5310,22010,20000,4240,3700
21240,4550,21240,20000,4260,3700
21740,1830,21740,20000,4280,3700
26360,2770,26360,20000,4300,3700
15070,520,15070,20000,4340,3700
12490,1390,12490,20000,4360,3700
17920,2780,17920,20000,5080,3700
21840,1360,21840,20000,5100,3700
22790,4930,22790,20000,5240,3700
11970,1170,11970,20000,5260,3700
18560,2010,18560,20000,5280,3700
11700,650,11700,20000,5300,3700
13660,2250,13660,20000,4200,3680
26240,6350,26240,20000,4220,3680
21170,2300,21170,20000,4240,3680
23990,3380,23990,20000,4260,3680
23750,2660,23750,20000,4280,3680
23510,2280,23510,20000,4300,3680
21040,1230,21040,20000,4320,3680
11760,1660,11760,20000,4340,3680
14440,2910,14440,20000,4360,3680
17350,1730,17350,20000,5080,3680
19530,850,19530,20000,5100,3680
21050,2350,21050,20000,5240,3680
24790,3690,24790,20000,5260,3680
16980,3110,16980,20000,5280,3680
6920,540,6920,20000,5300,3680
24040,4800,24040,20000,4240,3660
24340,2220,24340,20000,4260,3660
26730,1550,26730,20000,4280,3660
26650,3380,26650,20000,4300,3660
6420,980,6420,20000,4520,3660
8400,1170,8400,20000,4540,3660
NA,NA,NA,20000,4660,3660
13240,2730,13240,20000,5020,3660
23950,2570,23950,20000,5080,3660
25930,1310,25930,20000,5100,3660
23750,2690,23750,20000,5240,3660
20540,4210,20540,20000,5260,3660
22300,4270,22300,20000,4240,3640
21800,4220,21800,20000,4260,3640
32420,2770,32420,20000,4280,3640
28650,1310,28650,20000,4300,3640
21030,2520,21030,20000,4520,3640
13820,970,13820,20000,4540,3640
11530,1570,11530,20000,5020,3640
14650,2240,14650,20000,5080,3640
18540,1350,18540,20000,5100,3640
18260,3770,18260,20000,5240,3640
17970,1530,17970,20000,5260,3640
18360,3860,18360,20000,4200,3620
22670,2730,22670,20000,4220,3620
20090,2980,20090,20000,4240,3620
24240,4140,24240,20000,4260,3620
25750,2320,25750,20000,4300,3620
15740,710,15740,20000,4400,3620
22130,1530,22130,20000,4420,3620
14480,1230,14480,20000,4440,3620
10350,1850,10350,20000,4460,3620
19460,4080,19460,20000,4560,3620
5880,1620,5880,20000,4580,3620
18890,910,18890,20000,5240,3620
12190,1280,12190,20000,5260,3620
17990,2600,17990,20000,4200,3600
25840,3100,25840,20000,4220,3600
23320,4230,23320,20000,4240,3600
26080,5250,26080,20000,4260,3600
27150,2280,27150,20000,4280,3600
12130,1500,12130,20000,4300,3600
22620,2780,22620,20000,4400,3600
22640,2960,22640,20000,4420,3600
20110,1230,20110,20000,4440,3600
6920,920,6920,20000,4460,3600
29750,1950,29750,20000,4560,3600
22170,810,22170,20000,4580,3600
11660,870,11660,20000,5240,3600
6740,1400,6740,20000,5260,3600
23150,1990,23150,20000,4240,3580
26790,5000,26790,20000,4260,3580
22040,1690,22040,20000,4320,3580
17570,990,17570,20000,4340,3580
27060,2500,27060,20000,4400,3580
15770,1780,15770,20000,4420,3580
NA,NA,NA,20000,4500,3580
12470,2960,12470,20000,5240,3580
8160,3410,8160,20000,5260,3580
21020,2720,21020,20000,4240,3560
26910,3040,26910,20000,4260,3560
24120,1800,24120,20000,4320,3560
25980,2110,25980,20000,4340,3560
19960,990,19960,20000,4400,3560
19680,400,19680,20000,4420,3560
12020,2710,12020,20000,5240,3560
10350,1950,10350,20000,5260,3560
19010,1760,19010,20000,4240,3540
24170,4660,24170,20000,4260,3540
22900,4040,22900,20000,4280,3540
13090,1240,13090,20000,4300,3540
NA,NA,NA,20000,4620,3540
20900,3210,20910,20000,5140,3540
26590,2470,26600,20000,5160,3540
24180,1890,24180,20000,5180,3540
NA,NA,NA,20000,5320,3540
23580,2630,23580,20000,4260,3520
23650,4560,23650,20000,4280,3520
14470,1960,14470,20000,4300,3520
12470,990,12480,20000,4780,3520
14630,1970,14640,20000,5080,3520
25100,1700,25110,20000,4760,3500
20440,310,20450,20000,4780,3500
15700,2830,15700,20000,4980,3500
30350,810,30370,20000,5020,3500
27390,300,27400,20000,5040,3500
21760,1280,21760,20000,5060,3500
18190,1560,18200,20000,5080,3500
12500,870,12520,20000,5100,3500
14610,1030,14620,20000,4760,3480
13100,1430,13100,20000,4780,3480
21020,4300,21030,20000,5000,3480
16100,1690,16100,20000,5040,3480
24370,2870,24380,20000,5060,3480
22760,920,22780,20000,5140,3480
18580,150,18610,20000,5160,3480
6620,220,6620,20000,5180,3480
16960,2720,16980,20000,4720,3460
10360,2100,10360,20000,4740,3460
8530,620,8530,20000,4760,3460
9460,1190,9460,20000,4780,3460
20590,1620,20600,20000,4960,3460
16720,1890,16740,20000,5040,3460
15280,3410,15290,20000,5060,3460
7530,740,7530,20000,5080,3460
8180,860,8180,20000,5100,3460
20430,1470,20440,20000,5120,3460
23240,1000,23250,20000,5140,3460
NA,NA,NA,20000,4620,3440
9040,2540,9040,20000,4720,3440
13960,4730,13970,20000,4760,3440
7440,1250,7450,20000,4780,3440
11690,440,11690,20000,4960,3440
10150,1810,10150,20000,4980,3440
32440,6900,32440,20000,5000,3440
10190,580,10190,20000,5020,3440
12330,1740,12340,20000,5040,3440
7220,290,7230,20000,5060,3440
3180,350,3180,20000,5080,3440
21210,1810,21210,20000,5100,3440
30770,750,30780,20000,5120,3440
19580,410,19580,20000,5140,3440
8930,540,8930,20000,5220,3440
15390,620,15400,20000,4640,3420
25710,360,25720,20000,4660,3420
11380,720,11390,20000,4680,3420
10760,3390,10770,20000,4760,3420
22120,480,22120,20000,4780,3420
15060,280,15070,20000,4880,3420
22500,350,22520,20000,4900,3420
24540,130,24550,20000,4920,3420
19490,490,19500,20000,4940,3420
22570,600,22580,20000,4960,3420
19640,1510,19640,20000,4980,3420
5560,550,5560,20000,5000,3420
4590,560,4600,20000,5020,3420
14810,1520,14810,20000,5040,3420
23080,390,23090,20000,5060,3420
22370,550,22380,20000,5080,3420
16450,840,16450,20000,5140,3420
4090,580,4100,20000,5200,3420
11010,380,11030,20000,5220,3420
16710,3050,16720,20000,4640,3400
21170,1360,21170,20000,4660,3400
17280,1190,17280,20000,4680,3400
14800,1730,14810,20000,4760,3400
15510,420,15520,20000,4780,3400
15450,140,15470,20000,4880,3400
26030,300,26050,20000,4900,3400
33060,500,33080,20000,4920,3400
18230,230,18250,20000,4940,3400
28610,620,28630,20000,4960,3400
18590,1840,18590,20000,4980,3400
13120,960,13130,20000,5020,3400
18130,930,18130,20000,5040,3400
22630,280,22640,20000,5060,3400
20550,480,20560,20000,5080,3400
22880,810,22890,20000,5100,3400
25550,110,25560,20000,5140,3400
14660,580,14690,20000,5200,3400
13450,580,13460,20000,5220,3400
9990,2700,10000,20000,4600,3380
13170,1780,13180,20000,4620,3380
18770,760,18780,20000,4640,3380
24160,1010,24180,20000,4660,3380
11720,1370,11730,20000,4680,3380
8960,2100,8970,20000,4720,3380
5600,1230,5600,20000,4740,3380
21490,1020,21500,20000,5000,3380
40900,800,40910,20000,5020,3380
22870,640,22880,20000,5040,3380
20060,580,20070,20000,5060,3380
18630,300,18650,20000,5080,3380
30110,310,30120,20000,5100,3380
21140,130,21160,20000,5120,3380
29250,110,29270,20000,5140,3380
24670,890,24670,20000,4080,3360
19090,320,19090,20000,4100,3360
14570,980,14580,20000,4620,3360
31110,880,31120,20000,4640,3360
20200,1410,20220,20000,4660,3360
12050,1100,12050,20000,4680,3360
6760,1000,6760,20000,4700,3360
11320,2960,11330,20000,4720,3360
18600,2990,18610,20000,4740,3360
25050,560,25060,20000,5000,3360
32550,600,32570,20000,5020,3360
36490,1310,36500,20000,5040,3360
22210,470,22230,20000,5060,3360
21250,1220,21260,20000,5080,3360
22190,450,22200,20000,5100,3360
27410,60,27430,20000,5120,3360
32920,100,32930,20000,5140,3360
22330,770,22330,20000,4040,3340
25450,970,25450,20000,4060,3340
22280,870,22280,20000,4120,3340
7980,2820,7980,20000,4720,3340
13220,1970,13230,20000,4740,3340
11360,460,11360,20000,4760,3340
25260,550,25280,20000,4780,3340
33450,640,33480,20000,5040,3340
21330,300,21340,20000,5060,3340
15390,110,15410,20000,5120,3340
22420,90,22430,20000,5140,3340
25910,450,25920,20000,5160,3340
21840,220,21850,20000,5180,3340
11280,480,11300,20000,5200,3340
2130,350,2140,20000,5220,3340
24690,1330,24690,20000,4040,3320
26070,880,26070,20000,4060,3320
29080,1120,29080,20000,4120,3320
9850,1230,9860,20000,4720,3320
14990,540,15000,20000,4740,3320
24650,810,24660,20000,4760,3320
23390,900,23400,20000,4780,3320
19170,150,19180,20000,5060,3320
20300,430,20320,20000,5120,3320
27720,180,27750,20000,5140,3320
26380,240,26400,20000,5160,3320
22590,730,22630,20000,5180,3320
7540,350,7560,20000,5200,3320
25680,1270,25680,20000,4040,3300
17590,1060,17590,20000,4060,3300
23990,70,24000,20000,5160,3300
30000,260,30020,20000,5180,3300
24910,660,24930,20000,5200,3300
16010,2570,16030,20000,5220,3300
20470,1530,20470,20000,4040,3280
26150,930,26150,20000,4060,3280
27600,150,27630,20000,5160,3280
25280,340,25310,20000,5180,3280
21210,820,21240,20000,5200,3280
15960,560,15960,20000,4040,3260
26690,1130,26690,20000,4060,3260
16020,1110,16030,20000,4640,3260
9620,1240,9630,20000,4660,3260
13570,1080,13580,20000,4680,3260
11080,1640,11090,20000,4700,3260
11190,310,11220,20000,5040,3260
14490,860,14530,20000,5060,3260
12800,310,12830,20000,5080,3260
15250,200,15270,20000,5100,3260
25590,420,25620,20000,5200,3260
16440,1880,16450,20000,5240,3260
16360,1000,16360,20000,4040,3240
23570,690,23570,20000,4060,3240
7170,890,7170,20000,4640,3240
4900,790,4900,20000,4660,3240
19880,3170,19880,20000,4680,3240
17250,490,17260,20000,4700,3240
24190,390,24220,20000,5040,3240
24160,940,24190,20000,5060,3240
22630,490,22670,20000,5080,3240
13520,220,13550,20000,5100,3240
24020,310,24060,20000,5200,3240
17710,540,17730,20000,5220,3240
15920,1490,15940,20000,5240,3240
25430,1210,25430,20000,3960,3220
10160,800,10160,20000,3980,3220
15480,1130,15480,20000,4000,3220
8420,630,8420,20000,4020,3220
12970,2280,12980,20000,4640,3220
12740,2620,12760,20000,4660,3220
8980,1580,8990,20000,4680,3220
16410,920,16420,20000,4700,3220
28520,490,28540,20000,5040,3220
24350,970,24370,20000,5060,3220
14960,330,14990,20000,5080,3220
12610,310,12640,20000,5100,3220
17680,190,17720,20000,5120,3220
15600,230,15680,20000,5140,3220
20620,600,20680,20000,5160,3220
19270,650,19350,20000,5180,3220
17780,660,17830,20000,5200,3220
13120,970,13150,20000,5220,3220
11220,540,11240,20000,5240,3220
3420,330,3430,20000,5260,3220
24250,770,24250,20000,3960,3200
22530,880,22530,20000,3980,3200
21400,980,21400,20000,4000,3200
16470,960,16470,20000,4020,3200
12580,910,12590,20000,4640,3200
8230,940,8230,20000,4660,3200
11820,2670,11830,20000,4680,3200
12150,3030,12160,20000,4700,3200
13550,70,13570,20000,5040,3200
22580,300,22630,20000,5060,3200
18900,340,18950,20000,5080,3200
11190,330,11210,20000,5100,3200
26890,290,26950,20000,5120,3200
15880,240,16020,20000,5140,3200
25380,140,25530,20000,5160,3200
18850,280,19010,20000,5180,3200
26160,200,26310,20000,5200,3200
22490,730,22570,20000,5220,3200
21550,250,21620,20000,5240,3200
15050,520,15100,20000,5260,3200
21830,310,21830,20000,4000,3180
17930,320,17930,20000,4020,3180
9990,3280,10000,20000,4640,3180
15010,1170,15020,20000,4680,3180
22300,1010,22340,20000,4700,3180
21380,240,21410,20000,4720,3180
19570,560,19590,20000,4740,3180
17990,400,18030,20000,5080,3180
23980,190,24020,20000,5100,3180
19040,420,19080,20000,5120,3180
17700,120,17810,20000,5140,3180
28380,80,28470,20000,5200,3180
22680,110,22800,20000,5220,3180
17680,370,17680,20000,4000,3160
24620,180,24620,20000,4020,3160
6210,690,6220,20000,4660,3160
4770,740,4780,20000,4680,3160
6740,790,6740,20000,4700,3160
9210,1020,9220,20000,4720,3160
11590,750,11610,20000,4740,3160
9550,590,9580,20000,5080,3160
14090,260,14130,20000,5100,3160
23340,350,23390,20000,5120,3160
20810,120,20870,20000,5140,3160
28020,320,28090,20000,5200,3160
24470,120,24590,20000,5220,3160
20000,120,20000,20000,3840,3140
30780,610,30780,20000,3860,3140
15350,190,15460,20000,5080,3140
21530,290,21640,20000,5100,3140
25600,220,25600,20000,3840,3120
22510,380,22510,20000,3860,3120
10790,260,10820,20000,5080,3120
20660,550,20720,20000,5100,3120
30700,380,30700,20000,3800,3100
25770,170,25770,20000,3820,3100
21290,150,21290,20000,3840,3100
20610,170,20610,20000,3860,3100
17850,280,17850,20000,3880,3100
15450,110,15450,20000,3900,3100
11630,40,11630,20000,3920,3100
11540,150,11540,20000,3940,3100
14140,6200,14140,20000,4620,3100
19120,3490,19120,20000,4660,3100
13630,4080,13640,20000,4680,3100
18510,2910,18520,20000,4700,3100
25260,130,25290,20000,5040,3100
16870,630,16910,20000,5060,3100
18660,240,18710,20000,5080,3100
10950,230,11000,20000,5100,3100
19100,400,19170,20000,5200,3100
NA,NA,NA,20000,5280,3100
29220,250,29220,20000,3800,3080
17760,150,17760,20000,3820,3080
23110,370,23110,20000,3840,3080
26850,170,26850,20000,3860,3080
21700,450,21700,20000,3880,3080
19490,510,19490,20000,3900,3080
13300,730,13300,20000,3920,3080
19120,590,19120,20000,3940,3080
8450,5400,8450,20000,4620,3080
10370,4190,10370,20000,4640,3080
10730,4900,10740,20000,4660,3080
2310,1100,2310,20000,4680,3080
2180,530,2180,20000,4700,3080
26370,120,26420,20000,5040,3080
23550,890,23640,20000,5060,3080
23260,530,23380,20000,5080,3080
21870,360,21960,20000,5100,3080
9710,220,9750,20000,5220,3080
21210,690,21210,20000,3800,3060
18300,300,18300,20000,3820,3060
22590,340,22590,20000,3840,3060
24140,720,24140,20000,3860,3060
23420,680,23420,20000,3920,3060
26690,1220,26690,20000,3940,3060
29590,940,29590,20000,3960,3060
26930,960,26930,20000,3980,3060
11930,710,11930,20000,4000,3060
22280,1940,22280,20000,4020,3060
10610,6930,10610,20000,4600,3060
19080,11790,19080,20000,4620,3060
13200,2370,13210,20000,4680,3060
12160,2980,12160,20000,4720,3060
13010,4430,13010,20000,4740,3060
18280,2980,18290,20000,4760,3060
17070,420,17100,20000,4780,3060
18750,170,18810,20000,5000,3060
27280,100,27360,20000,5020,3060
25900,550,26080,20000,5200,3060
26540,410,26660,20000,5220,3060
13410,360,13480,20000,5240,3060
23950,220,23950,20000,3800,3040
21270,430,21270,20000,3820,3040
17980,790,17980,20000,3840,3040
19080,410,19080,20000,3860,3040
12660,260,12660,20000,3920,3040
19110,1190,19110,20000,3940,3040
19460,1220,19460,20000,3960,3040
21400,880,21400,20000,3980,3040
13080,3020,13080,20000,4000,3040
9170,2060,9170,20000,4020,3040
23130,990,23130,20000,4600,3040
20140,620,20140,20000,4620,3040
24050,250,24050,20000,4680,3040
21980,250,21990,20000,4700,3040
22990,690,22990,20000,4720,3040
20200,680,20200,20000,4740,3040
9890,1870,9890,20000,4760,3040
17560,1190,17590,20000,4780,3040
12360,190,12450,20000,5000,3040
21220,190,21390,20000,5020,3040
13650,690,13820,20000,5200,3040
20890,970,21040,20000,5220,3040
13120,140,13160,20000,5240,3040
31520,280,31520,20000,3840,3020
21700,1100,21700,20000,3860,3020
25820,2040,25820,20000,3880,3020
23890,2240,23890,20000,3900,3020
23050,770,23050,20000,3920,3020
20670,1330,20670,20000,3940,3020
20810,1240,20810,20000,3960,3020
14490,3040,14490,20000,3980,3020
3290,2720,3290,20000,4500,3020
7520,3010,7520,20000,4520,3020
9050,2860,9050,20000,4540,3020
20210,2570,20210,20000,4760,3020
18680,5590,18690,20000,4780,3020
11600,8850,11610,20000,4800,3020
5020,3050,5020,20000,4820,3020
15800,100,15890,20000,5040,3020
14970,180,15110,20000,5060,3020
13890,390,13890,20000,3480,3000
12450,1490,12450,20000,3500,3000
32610,600,32610,20000,3840,3000
27720,1540,27720,20000,3860,3000
14320,2770,14320,20000,3900,3000
8330,1500,8330,20000,3920,3000
9490,770,9490,20000,3940,3000
12710,2510,12710,20000,3960,3000
9280,1830,9280,20000,3980,3000
13520,2540,13520,20000,4000,3000
24040,2450,24040,20000,4020,3000
18810,6360,18810,20000,4480,3000
6630,3580,6630,20000,4500,3000
17380,17080,17380,20000,4520,3000
10680,5440,10680,20000,4540,3000
18860,1810,18860,20000,4760,3000
18800,1430,18800,20000,4780,3000
4750,3140,4750,20000,4820,3000
14650,340,14720,20000,5040,3000
15240,250,15340,20000,5060,3000
15280,1660,15280,20000,3500,2980
30070,100,30070,20000,3640,2980
30290,550,30290,20000,3660,2980
32160,730,32160,20000,3720,2980
26360,1000,26360,20000,3740,2980
28460,1600,28460,20000,3880,2980
21760,1290,21760,20000,3900,2980
11180,1350,11180,20000,3920,2980
3220,670,3220,20000,3940,2980
11080,1680,11080,20000,3960,2980
15770,3660,15770,20000,3980,2980
15350,1050,15350,20000,4020,2980
10350,5490,10350,20000,4500,2980
11430,1230,11430,20000,4600,2980
15190,940,15190,20000,4620,2980
10180,1150,10190,20000,4640,2980
9920,1640,9920,20000,4660,2980
26780,190,26780,20000,4680,2980
25120,1180,25120,20000,4700,2980
13950,2380,13950,20000,4720,2980
26300,440,26310,20000,4740,2980
18080,1820,18080,20000,4880,2980
18140,780,18140,20000,4900,2980
11570,2080,11580,20000,4920,2980
11130,1500,11160,20000,4940,2980
9100,210,9110,20000,5040,2980
9230,190,9290,20000,5060,2980
29010,2950,29010,20000,3480,2960
26910,2900,26910,20000,3500,2960
30680,2680,30680,20000,3520,2960
15510,1200,15510,20000,3540,2960
17230,510,17230,20000,3640,2960
13410,570,13410,20000,3660,2960
28150,2830,28150,20000,3720,2960
33120,890,33120,20000,3740,2960
36430,640,36430,20000,3880,2960
25020,1220,25020,20000,3900,2960
23210,1800,23210,20000,3920,2960
14950,1070,14950,20000,3940,2960
9440,920,9440,20000,3960,2960
11260,3660,11260,20000,4000,2960
25110,870,25120,20000,4020,2960
20000,740,20000,20000,4040,2960
20380,11230,20380,20000,4500,2960
15550,2200,15550,20000,4600,2960
15460,1160,15460,20000,4620,2960
22770,1380,22770,20000,4640,2960
21780,1780,21780,20000,4660,2960
15750,540,15750,20000,4680,2960
21920,480,21920,20000,4700,2960
25170,870,25170,20000,4720,2960
11780,3960,11780,20000,4740,2960
27930,1230,27930,20000,4880,2960
16450,4420,16450,20000,4900,2960
4180,930,4180,20000,4920,2960
8290,3190,8290,20000,4940,2960
17080,430,17090,20000,5040,2960
10220,1230,10230,20000,5060,2960
1770,320,1770,20000,3280,2940
29070,2750,29070,20000,3480,2940
27740,2410,27740,20000,3500,2940
27420,3090,27420,20000,3520,2940
32400,2340,32400,20000,3540,2940
25570,910,25570,20000,3560,2940
20280,4290,20280,20000,3580,2940
20770,1500,20770,20000,3600,2940
27290,720,27290,20000,3620,2940
19640,450,19640,20000,3840,2940
18550,440,18550,20000,3860,2940
33280,1010,33280,20000,3880,2940
34440,1370,34440,20000,3900,2940
19060,380,19060,20000,4040,2940
13070,2480,13070,20000,4500,2940
23320,4470,23320,20000,4520,2940
16200,3660,16200,20000,4540,2940
19120,850,19120,20000,4560,2940
9740,1920,9740,20000,4580,2940
27800,850,27800,20000,4600,2940
13330,2220,13330,20000,4620,2940
23530,1490,23530,20000,4720,2940
21210,400,21210,20000,4740,2940
9140,2800,9140,20000,4880,2940
5310,2060,5320,20000,4900,2940
NA,NA,NA,20000,3220,2920
27930,2740,27930,20000,3280,2920
21010,1750,21010,20000,3300,2920
15200,1450,15200,20000,3360,2920
3080,770,3080,20000,3460,2920
27950,2110,27950,20000,3520,2920
25020,3710,25030,20000,3540,2920
29470,1500,29470,20000,3560,2920
28730,2260,28730,20000,3580,2920
23820,3860,23820,20000,3600,2920
29070,930,29070,20000,3620,2920
28980,50,28980,20000,3840,2920
24140,1040,24140,20000,3860,2920
32390,910,32390,20000,3880,2920
36060,1590,36060,20000,3900,2920
20830,1340,20830,20000,4040,2920
13880,960,13880,20000,4520,2920
28200,3170,28200,20000,4540,2920
20180,3100,20180,20000,4560,2920
22310,1440,22310,20000,4580,2920
17820,1330,17820,20000,4600,2920
22110,430,22110,20000,4620,2920
14360,1230,14360,20000,4720,2920
22700,1290,22700,20000,4740,2920
10820,5520,10820,20000,4880,2920
8220,5790,8230,20000,4900,2920
NA,NA,NA,20000,5560,2920
18790,1910,18790,20000,3280,2900
18160,2070,18160,20000,3300,2900
23600,2840,23600,20000,3320,2900
23380,2950,23380,20000,3340,2900
23890,1290,23890,20000,3360,2900
6490,1120,6490,20000,3380,2900
16480,720,16480,20000,3400,2900
5980,740,5990,20000,3420,2900
26600,1350,26600,20000,3480,2900
26300,890,26300,20000,3500,2900
31040,1270,31040,20000,3520,2900
28790,2200,28790,20000,3540,2900
26840,2010,26840,20000,3560,2900
29730,1220,29730,20000,3580,2900
23720,3380,23720,20000,3600,2900
31870,900,31870,20000,3620,2900
25430,1200,25430,20000,3680,2900
20200,2520,20200,20000,3700,2900
17770,660,17780,20000,3840,2900
22230,380,22240,20000,3860,2900
20220,900,20220,20000,3880,2900
23440,630,23440,20000,3900,2900
24400,950,24400,20000,4000,2900
16870,1180,16870,20000,4020,2900
18330,940,18330,20000,4040,2900
20140,1290,20150,20000,4060,2900
13010,6250,13010,20000,4540,2900
23900,6780,23900,20000,4580,2900
21500,2030,21500,20000,4600,2900
17480,1470,17480,20000,4620,2900
25620,710,25620,20000,4640,2900
18700,510,18700,20000,4660,2900
20830,230,20830,20000,4680,2900
18530,2360,18530,20000,4700,2900
24770,720,24780,20000,4800,2900
16430,920,16430,20000,4820,2900
26150,1930,26150,20000,3280,2880
27270,1460,27270,20000,3300,2880
24530,4130,24530,20000,3320,2880
25610,3010,25610,20000,3340,2880
27240,1070,27240,20000,3360,2880
25690,1380,25690,20000,3380,2880
26940,880,26940,20000,3400,2880
22490,920,22490,20000,3420,2880
30750,1290,30750,20000,3480,2880
31970,1140,31970,20000,3500,2880
28600,1450,28600,20000,3520,2880
21720,2230,21720,20000,3540,2880
30380,3110,30380,20000,3560,2880
26320,2490,26320,20000,3580,2880
25370,2230,25370,20000,3600,2880
22220,880,22220,20000,3620,2880
20350,2520,20350,20000,3680,2880
20070,490,20070,20000,3700,2880
25280,630,25280,20000,3840,2880
20400,790,20400,20000,3860,2880
32640,790,32650,20000,3880,2880
33790,540,33790,20000,3900,2880
27660,720,27670,20000,4000,2880
17240,1830,17250,20000,4020,2880
27140,470,27140,20000,4040,2880
24250,1750,24250,20000,4060,2880
20730,3430,20730,20000,4080,2880
18720,2890,18720,20000,4100,2880
2100,710,2100,20000,4560,2880
8310,6090,8310,20000,4580,2880
18560,5110,18560,20000,4600,2880
20360,2580,20360,20000,4620,2880
16370,1280,16370,20000,4640,2880
16220,2630,16220,20000,4660,2880
9980,2790,9990,20000,4680,2880
21150,4280,21160,20000,4700,2880
23660,2990,23660,20000,4800,2880
25890,1530,25900,20000,4820,2880
2590,0,2630,20000,5600,2880
26990,2780,26990,20000,3280,2860
23030,1710,23030,20000,3340,2860
28240,1440,28240,20000,3360,2860
24710,1290,24710,20000,3380,2860
24730,1060,24730,20000,3400,2860
30090,1360,30090,20000,3420,2860
27270,1090,27270,20000,3440,2860
27370,2770,27370,20000,3460,2860
26850,2710,26850,20000,3480,2860
34040,1890,34040,20000,3500,2860
33720,2250,33720,20000,3520,2860
32750,1700,32750,20000,3540,2860
26780,1860,26780,20000,3560,2860
18500,1410,18500,20000,3580,2860
28550,2910,28550,20000,3600,2860
23300,2010,23300,20000,3620,2860
13810,2120,13810,20000,3720,2860
9440,1260,9440,20000,3740,2860
19280,2150,19280,20000,4000,2860
18960,2250,18960,20000,4020,2860
24030,3700,24030,20000,4080,2860
4440,1170,4440,20000,4120,2860
13300,1230,13300,20000,4140,2860
18620,930,18630,20000,4160,2860
5170,4450,5170,20000,4600,2860
9960,2760,9960,20000,4620,2860
15020,3790,15020,20000,4640,2860
12820,6690,12820,20000,4660,2860
11990,4200,11990,20000,4680,2860
19610,5280,19620,20000,4740,2860
29520,4250,29530,20000,4760,2860
25140,7390,25150,20000,4780,2860
23990,5900,24000,20000,4800,2860
17540,4910,17540,20000,4820,2860
14570,3110,14570,20000,5080,2860
11140,900,11160,20000,5100,2860
17170,1650,17180,20000,5120,2860
16000,290,16010,20000,5140,2860
17110,840,17150,20000,5200,2860
13370,830,13430,20000,5220,2860
5230,210,5240,20000,5240,2860
640,0,640,20000,5380,2860
18870,100,19370,20000,5520,2860
28190,430,29320,20000,5540,2860
23120,1900,23120,20000,3300,2840
19950,1820,19950,20000,3320,2840
23540,1420,23540,20000,3340,2840
31630,1380,31630,20000,3360,2840
28070,2160,28070,20000,3380,2840
24630,1490,24640,20000,3400,2840
25430,1460,25430,20000,3420,2840
29320,1320,29320,20000,3500,2840
28970,1910,28970,20000,3520,2840
24500,1890,24500,20000,3540,2840
28190,1940,28190,20000,3560,2840
29390,1640,29390,20000,3580,2840
28880,1690,28880,20000,3600,2840
25800,2980,25800,20000,3620,2840
29170,2870,29170,20000,3720,2840
20590,1120,20600,20000,3740,2840
17620,4150,17620,20000,4000,2840
6860,810,6860,20000,4020,2840
23650,2660,23660,20000,4080,2840
17840,2250,17840,20000,4100,2840
19240,2110,19240,20000,4120,2840
28630,770,28640,20000,4140,2840
15030,600,15030,20000,4160,2840
11510,4490,11520,20000,4600,2840
10510,8720,10510,20000,4620,2840
10060,4670,10060,20000,4660,2840
28020,4080,28030,20000,4780,2840
23880,7410,23880,20000,4820,2840
14130,2950,14140,20000,5080,2840
13990,1080,14010,20000,5100,2840
26640,590,26660,20000,5120,2840
23110,800,23130,20000,5140,2840
19710,930,19770,20000,5200,2840
17940,1480,17980,20000,5220,2840
16690,1870,16710,20000,5260,2840
18530,730,18670,20000,5360,2840
17190,150,17270,20000,5380,2840
34290,80,34990,20000,5520,2840
26390,50,27300,20000,5540,2840
NA,NA,NA,20000,5640,2840
21680,1250,21680,20000,3360,2820
23320,1830,23320,20000,3380,2820
20470,2130,20480,20000,3400,2820
23140,2150,23140,20000,3420,2820
29760,2880,29760,20000,3460,2820
30400,2970,30400,20000,3480,2820
26840,2410,26840,20000,3500,2820
26860,2240,26860,20000,3520,2820
24860,2340,24860,20000,3540,2820
28540,1490,28540,20000,3560,2820
28440,1910,28440,20000,3580,2820
24490,1470,24490,20000,3600,2820
25310,1140,25310,20000,3620,2820
36170,770,36170,20000,3680,2820
38050,930,38050,20000,3700,2820
32890,1230,32890,20000,3720,2820
31160,2490,31160,20000,3740,2820
16570,640,16570,20000,3760,2820
14590,1090,14590,20000,3780,2820
21270,1490,21270,20000,3800,2820
29040,3190,29040,20000,3820,2820
22440,2100,22450,20000,4040,2820
19950,2410,19950,20000,4060,2820
13450,1410,13470,20000,4120,2820
17680,510,17680,20000,4140,2820
22560,6730,22560,20000,4820,2820
8000,2370,8010,20000,5040,2820
7220,870,7230,20000,5060,2820
18340,760,18350,20000,5120,2820
23680,1770,23690,20000,5140,2820
29510,390,29520,20000,5160,2820
19780,440,19820,20000,5180,2820
27360,490,27410,20000,5240,2820
27020,400,27190,20000,5260,2820
31370,500,31670,20000,5280,2820
25120,1000,25280,20000,5300,2820
23160,260,24030,20000,5560,2820
26000,1190,26450,20000,5580,2820
31270,500,31890,20000,5600,2820
23720,170,23980,20000,5620,2820
14100,2250,14100,20000,3360,2800
24060,3720,24060,20000,3420,2800
29110,2460,29110,20000,3460,2800
27540,2610,27540,20000,3480,2800
33880,3170,33880,20000,3500,2800
31510,2980,31510,20000,3520,2800
32620,2680,32620,20000,3540,2800
25480,1000,25480,20000,3560,2800
15910,1230,15910,20000,3580,2800
16600,310,16600,20000,3600,2800
25620,1140,25620,20000,3620,2800
34490,1100,34490,20000,3680,2800
37840,1220,37840,20000,3700,2800
32670,680,32670,20000,3720,2800
31380,440,31380,20000,3740,2800
33030,940,33030,20000,3760,2800
22190,1890,22190,20000,3780,2800
25720,1120,25720,20000,3800,2800
23300,3450,23300,20000,3820,2800
19200,900,19200,20000,4040,2800
17270,1620,17270,20000,4060,2800
14570,2620,14580,20000,4120,2800
21840,2230,21840,20000,4140,2800
27800,1020,27810,20000,4560,2800
18880,1350,18920,20000,4720,2800
14360,1650,14380,20000,4760,2800
4400,1270,4400,20000,4780,2800
9270,2100,9280,20000,5040,2800
8930,1230,8940,20000,5060,2800
29490,1590,29500,20000,5120,2800
20660,1590,20670,20000,5140,2800
30180,1360,30190,20000,5160,2800
25550,420,25570,20000,5180,2800
28800,740,29000,20000,5240,2800
29850,1040,29970,20000,5260,2800
16950,670,17060,20000,5300,2800
27610,180,28010,20000,5560,2800
30480,1670,30980,20000,5580,2800
14230,610,14500,20000,5600,2800
15530,260,16110,20000,5620,2800
950,0,950,20000,960,2780
5950,1270,5950,20000,3360,2780
19120,1600,19130,20000,3380,2780
20970,2710,20970,20000,3400,2780
25980,2050,25980,20000,3460,2780
19930,2010,19930,20000,3540,2780
21210,1510,21220,20000,3560,2780
18670,1000,18670,20000,3580,2780
27740,1300,27740,20000,3800,2780
17190,2640,17190,20000,3820,2780
21490,1010,21490,20000,3880,2780
20260,1280,20270,20000,3900,2780
19600,2590,19600,20000,3960,2780
25180,1480,25180,20000,3980,2780
19640,3590,19640,20000,4000,2780
23770,2790,23770,20000,4020,2780
18320,2490,18320,20000,4040,2780
11740,1440,11740,20000,4060,2780
7560,1300,7560,20000,4080,2780
7310,3580,7310,20000,4100,2780
21120,2480,21130,20000,4120,2780
22540,1890,22560,20000,4540,2780
7330,1390,7340,20000,4760,2780
28360,590,28380,20000,5080,2780
29110,1670,29120,20000,5100,2780
24240,2930,24250,20000,5120,2780
33240,14740,33250,20000,5140,2780
36920,6990,36920,20000,5160,2780
20530,530,20550,20000,5180,2780
33540,350,33630,20000,5240,2780
30400,1260,30590,20000,5260,2780
20480,1710,20660,20000,5280,2780
27580,890,27900,20000,5300,2780
18860,140,18990,20000,5320,2780
17370,240,17480,20000,5340,2780
NA,NA,NA,20000,940,2760
NA,NA,NA,20000,3360,2760
12130,2580,12130,20000,3380,2760
16510,3960,16510,20000,3400,2760
28830,4910,28830,20000,3460,2760
27110,2440,27110,20000,3480,2760
18440,3200,18440,20000,3520,2760
20190,2550,20190,20000,3540,2760
21730,1950,21730,20000,3560,2760
19750,2570,19750,20000,3580,2760
21090,1790,21090,20000,3800,2760
22660,2660,22660,20000,3820,2760
21720,3430,21720,20000,3880,2760
18450,3020,18450,20000,3900,2760
21840,3620,21840,20000,3960,2760
21690,530,21690,20000,3980,2760
19980,1290,19980,20000,4000,2760
14840,1490,14850,20000,4020,2760
15280,1660,15280,20000,4040,2760
8470,1750,8470,20000,4060,2760
3510,460,3510,20000,4080,2760
10890,1820,10900,20000,4100,2760
25420,1060,25420,20000,4120,2760
4440,2500,4440,20000,4720,2760
2310,1340,2320,20000,4740,2760
6820,1800,6830,20000,4760,2760
17420,6640,17430,20000,4820,2760
26560,1940,26580,20000,5080,2760
25560,2030,25570,20000,5100,2760
28520,2960,28520,20000,5120,2760
25400,6460,25400,20000,5140,2760
31660,2260,31670,20000,5160,2760
28630,270,28650,20000,5180,2760
30520,230,30860,20000,5240,2760
22090,1400,22370,20000,5260,2760
24370,2920,24810,20000,5300,2760
14950,400,15210,20000,5320,2760
18020,60,18190,20000,5340,2760
21380,2920,21380,20000,3400,2740
23060,4280,23060,20000,3420,2740
9060,2150,9060,20000,3440,2740
22880,2730,22880,20000,3460,2740
33410,2100,33410,20000,3480,2740
20230,3030,20230,20000,3520,2740
21450,1820,21450,20000,3540,2740
14970,2000,14970,20000,3560,2740
13750,1290,13750,20000,3580,2740
14230,1070,14230,20000,3600,2740
21610,1310,21610,20000,3620,2740
22990,860,22990,20000,3640,2740
12630,1230,12640,20000,3660,2740
19950,2270,19950,20000,3800,2740
27450,1880,27450,20000,3820,2740
19100,4240,19100,20000,3840,2740
26920,4060,26920,20000,3860,2740
15470,3160,15470,20000,3880,2740
22750,1750,22750,20000,3900,2740
20110,2260,20110,20000,4000,2740
17460,2260,17460,20000,4020,2740
14480,2000,14480,20000,4040,2740
5520,1520,5520,20000,4060,2740
4680,1000,4690,20000,4080,2740
11460,1280,11470,20000,4100,2740
14000,270,14000,20000,4120,2740
1940,680,1940,20000,4600,2740
4740,1710,4740,20000,4640,2740
3110,2040,3120,20000,4660,2740
3610,2120,3610,20000,4680,2740
1650,1070,1660,20000,4720,2740
2950,1240,2950,20000,4740,2740
15270,3510,15280,20000,4800,2740
19800,8210,19810,20000,4820,2740
29420,490,29440,20000,5160,2740
29400,1980,29420,20000,5180,2740
32700,680,32750,20000,5200,2740
27120,440,27410,20000,5220,2740
17640,730,17850,20000,5300,2740
23820,340,24190,20000,5360,2740
22460,1050,22670,20000,5380,2740
27970,1520,28290,20000,5400,2740
25900,1630,26220,20000,5420,2740
8580,2120,8580,20000,3400,2720
24530,2890,24530,20000,3460,2720
30650,3240,30650,20000,3520,2720
24930,1950,24930,20000,3540,2720
10250,1540,10250,20000,3580,2720
17640,450,17640,20000,3600,2720
19420,1770,19420,20000,3620,2720
18260,1020,18260,20000,3640,2720
17040,800,17040,20000,3660,2720
26910,3400,26910,20000,3800,2720
20440,1780,20440,20000,3820,2720
13640,3270,13640,20000,3840,2720
23540,2540,23540,20000,3860,2720
28380,2940,28380,20000,3880,2720
28190,5970,28190,20000,3900,2720
20000,1180,20000,20000,4000,2720
19300,4790,19310,20000,4020,2720
19300,2740,19300,20000,4040,2720
9170,2040,9180,20000,4060,2720
13860,760,13860,20000,4080,2720
21540,770,21540,20000,4100,2720
17480,440,17490,20000,4120,2720
3730,1420,3730,20000,4580,2720
5280,2670,5280,20000,4600,2720
5590,2260,5600,20000,4620,2720
6990,2710,6990,20000,4640,2720
2110,1120,2110,20000,4660,2720
920,330,920,20000,4680,2720
3550,690,3560,20000,4700,2720
7920,1540,7920,20000,4740,2720
23190,960,23190,20000,4820,2720
31490,650,31500,20000,5160,2720
26650,1100,26670,20000,5180,2720
31840,390,32000,20000,5200,2720
22080,140,22520,20000,5220,2720
15700,150,15760,20000,5280,2720
22680,220,22900,20000,5300,2720
26780,1350,27010,20000,5360,2720
33310,230,33670,20000,5380,2720
32480,640,32810,20000,5400,2720
22290,620,22660,20000,5420,2720
31830,2640,31830,20000,3440,2700
29700,2560,29700,20000,3460,2700
27210,2950,27210,20000,3480,2700
32040,2460,32040,20000,3520,2700
25250,740,25250,20000,3540,2700
29350,1050,29350,20000,3560,2700
27390,2520,27390,20000,3580,2700
28590,940,28590,20000,3600,2700
26280,1690,26280,20000,3620,2700
9380,820,9380,20000,3720,2700
21520,890,21520,20000,3740,2700
15550,3190,15550,20000,3800,2700
26800,1740,26800,20000,3820,2700
18690,2950,18690,20000,3920,2700
22350,1910,22350,20000,3940,2700
23990,1500,23990,20000,3960,2700
23850,1930,23850,20000,3980,2700
18390,3610,18390,20000,4000,2700
17880,4020,17880,20000,4020,2700
14310,1510,14310,20000,4080,2700
19810,3540,19810,20000,4100,2700
16820,1100,16820,20000,4120,2700
14390,2510,14390,20000,4140,2700
16780,2690,16780,20000,4160,2700
15170,1920,15170,20000,4180,2700
4000,440,4000,20000,4440,2700
9190,6550,9190,20000,4520,2700
3630,2430,3630,20000,4540,2700
3100,1190,3100,20000,4640,2700
2130,760,2140,20000,4660,2700
5070,1660,5070,20000,4720,2700
28060,5330,28060,20000,5000,2700
15540,2400,15550,20000,5020,2700
11200,290,11220,20000,5040,2700
21150,750,21160,20000,5060,2700
21380,140,21670,20000,5440,2700
19650,140,19760,20000,5460,2700
23670,40,23940,20000,5640,2700
26980,810,27310,20000,5660,2700
25360,1670,25360,20000,3440,2680
26690,2470,26690,20000,3460,2680
32040,4070,32040,20000,3480,2680
31300,3960,31300,20000,3500,2680
28700,3310,28700,20000,3520,2680
30950,2730,30950,20000,3540,2680
26990,1580,26990,20000,3560,2680
24690,1290,24690,20000,3580,2680
23100,1790,23100,20000,3600,2680
26290,1250,26290,20000,3620,2680
26850,1820,26850,20000,3720,2680
24320,470,24320,20000,3740,2680
12980,1510,12980,20000,3800,2680
23940,920,23940,20000,3820,2680
9970,1170,9980,20000,3920,2680
25390,2260,25390,20000,3940,2680
16200,490,16200,20000,3960,2680
22730,3240,22730,20000,3980,2680
16960,1270,16960,20000,4000,2680
12110,1020,12110,20000,4020,2680
17510,1570,17510,20000,4080,2680
12920,2670,12920,20000,4120,2680
15740,2070,15740,20000,4160,2680
15790,2090,15790,20000,4260,2680
10730,1180,10730,20000,4300,2680
4860,1180,4860,20000,4320,2680
4810,1170,4810,20000,4340,2680
8980,1090,8980,20000,4400,2680
13510,1260,13520,20000,4440,2680
14690,1840,14690,20000,4460,2680
6430,1650,6430,20000,4480,2680
750,290,750,20000,4580,2680
3230,2280,3230,20000,4600,2680
22970,1400,22980,20000,5000,2680
19490,2410,19500,20000,5020,2680
15260,1570,15280,20000,5040,2680
26930,1530,26940,20000,5060,2680
17670,740,17820,20000,5440,2680
21880,210,22020,20000,5460,2680
29820,1020,30140,20000,5640,2680
30340,370,30600,20000,5660,2680
27750,3560,27750,20000,3480,2660
30900,2920,30900,20000,3500,2660
30000,1830,30000,20000,3520,2660
31170,1790,31170,20000,3540,2660
33730,1850,33740,20000,3560,2660
18540,1950,18540,20000,3580,2660
21700,2580,21700,20000,3600,2660
26080,1990,26080,20000,3620,2660
22180,760,22180,20000,3680,2660
27510,1500,27510,20000,3700,2660
30300,1010,30300,20000,3760,2660
21940,1080,21940,20000,3780,2660
26710,980,26710,20000,3960,2660
11480,1520,11480,20000,3980,2660
21240,1240,21240,20000,4040,2660
21310,1770,21310,20000,4060,2660
16240,2420,16240,20000,4080,2660
15500,1720,15500,20000,4100,2660
20500,1780,20500,20000,4120,2660
26010,2590,26010,20000,4140,2660
21720,1370,21720,20000,4180,2660
7080,510,7080,20000,4280,2660
13320,3490,13330,20000,4300,2660
1860,420,1860,20000,4320,2660
3880,520,3880,20000,4340,2660
2990,510,2990,20000,4440,2660
1570,860,1570,20000,4520,2660
4550,1750,4550,20000,4540,2660
1140,670,1140,20000,4560,2660
13730,1130,13760,20000,4780,2660
28930,1090,28950,20000,5000,2660
32100,11340,32110,20000,5020,2660
11910,1620,11920,20000,5040,2660
23950,2470,23970,20000,5060,2660
22160,750,22170,20000,5080,2660
28000,550,28010,20000,5100,2660
31010,1910,31030,20000,5160,2660
30600,2130,30820,20000,5180,2660
28090,1900,28280,20000,5200,2660
28880,190,29190,20000,5640,2660
28730,280,29130,20000,5660,2660
32580,3370,32580,20000,3500,2640
30220,2430,30220,20000,3520,2640
29450,1360,29450,20000,3540,2640
22600,780,22600,20000,3560,2640
20540,1520,20540,20000,3580,2640
26440,2770,26440,20000,3600,2640
30440,2550,30440,20000,3620,2640
27660,1570,27660,20000,3680,2640
29170,820,29170,20000,3700,2640
27430,880,27430,20000,3760,2640
22910,1260,22910,20000,3780,2640
20700,380,20700,20000,3960,2640
16030,2220,16040,20000,3980,2640
17060,680,17060,20000,4040,2640
13730,830,13730,20000,4060,2640
13740,1620,13740,20000,4080,2640
22440,1270,22440,20000,4120,2640
16530,2880,16530,20000,4160,2640
8700,1790,8700,20000,4200,2640
4790,710,4790,20000,4220,2640
4260,2750,4260,20000,4300,2640
2460,460,2460,20000,4320,2640
2840,1100,2840,20000,4340,2640
4110,220,4110,20000,4440,2640
8120,1130,8130,20000,4460,2640
7250,2210,7250,20000,4520,2640
9760,2300,9760,20000,4540,2640
5400,1680,5400,20000,4560,2640
14820,1870,14820,20000,4580,2640
4410,1090,4420,20000,4600,2640
8590,3860,8590,20000,4660,2640
4750,2170,4760,20000,4700,2640
29650,2840,29660,20000,5000,2640
20870,1570,20880,20000,5020,2640
15190,1180,15190,20000,5040,2640
21120,910,21140,20000,5060,2640
20290,1560,20300,20000,5080,2640
28660,520,28670,20000,5100,2640
34490,220,34520,20000,5160,2640
37330,3030,37560,20000,5180,2640
31620,4150,31950,20000,5200,2640
24060,320,24420,20000,5220,2640
35420,650,35750,20000,5640,2640
32870,400,33230,20000,5660,2640
1430,190,1430,20000,3440,2620
26090,2140,26090,20000,3460,2620
29690,1670,29690,20000,3480,2620
29330,4870,29330,20000,3500,2620
28970,3240,28970,20000,3520,2620
29500,1320,29510,20000,3540,2620
25740,1850,25740,20000,3560,2620
28890,2570,28890,20000,3580,2620
23720,2740,23720,20000,3600,2620
27680,2940,27680,20000,3620,2620
26950,3060,26960,20000,3640,2620
25310,1490,25310,20000,3660,2620
29460,1420,29470,20000,3680,2620
30890,1350,30890,20000,3700,2620
28980,1350,28980,20000,3720,2620
25340,1860,25340,20000,3740,2620
26740,2670,26740,20000,3760,2620
29480,4430,29480,20000,3780,2620
18780,800,18780,20000,3800,2620
31040,810,31040,20000,3820,2620
19860,1060,19860,20000,3920,2620
24160,1030,24160,20000,3940,2620
21320,1380,21330,20000,3960,2620
18300,2310,18300,20000,3980,2620
23970,1330,23980,20000,4060,2620
27160,1510,27160,20000,4080,2620
3740,630,3740,20000,4160,2620
7200,5170,7200,20000,4240,2620
1830,790,1830,20000,4300,2620
1960,1540,1960,20000,4320,2620
2790,1630,2790,20000,4340,2620
9040,300,9050,20000,4420,2620
12700,1150,12710,20000,4440,2620
8230,1300,8240,20000,4560,2620
6870,1410,6880,20000,4580,2620
8470,1220,8480,20000,4600,2620
7620,980,7640,20000,4700,2620
24690,700,24720,20000,4780,2620
18310,780,18330,20000,4800,2620
11480,1010,11490,20000,4820,2620
20680,380,20690,20000,4960,2620
20790,90,20810,20000,4980,2620
21990,590,22290,20000,5360,2620
29810,720,29970,20000,5380,2620
22330,2500,22530,20000,5760,2620
29900,3760,30040,20000,5780,2620
NA,NA,NA,20000,5840,2620
2520,700,2520,20000,3440,2600
17790,1860,17790,20000,3460,2600
32090,1510,32100,20000,3480,2600
27070,2360,27070,20000,3500,2600
28040,1590,28040,20000,3520,2600
31940,1860,31940,20000,3540,2600
30030,2220,30030,20000,3560,2600
31770,5770,31770,20000,3580,2600
29260,4360,29260,20000,3600,2600
31730,3530,31730,20000,3620,2600
28150,1690,28150,20000,3640,2600
28350,1280,28350,20000,3660,2600
24460,1470,24470,20000,3680,2600
25700,2080,25700,20000,3700,2600
29100,2230,29100,20000,3720,2600
21000,1340,21000,20000,3740,2600
31000,1220,31000,20000,3760,2600
29970,1670,29970,20000,3780,2600
28160,910,28160,20000,3800,2600
28180,1000,28180,20000,3820,2600
21300,790,21300,20000,3920,2600
26350,650,26350,20000,3940,2600
17300,2110,17310,20000,3960,2600
11420,2170,11420,20000,3980,2600
18210,2210,18220,20000,4040,2600
19360,1680,19370,20000,4060,2600
860,830,860,20000,4180,2600
1590,1570,1590,20000,4240,2600
13400,650,13400,20000,4320,2600
1950,470,1950,20000,4340,2600
13160,710,13160,20000,4440,2600
8220,630,8230,20000,4460,2600
2800,790,2800,20000,4520,2600
4500,1230,4500,20000,4560,2600
5780,1590,5780,20000,4580,2600
4150,770,4160,20000,4600,2600
5680,990,5690,20000,4620,2600
5240,800,5250,20000,4640,2600
5100,1050,5110,20000,4660,2600
17840,260,17920,20000,4760,2600
17810,530,17870,20000,4780,2600
16410,520,16420,20000,4800,2600
18740,120,18760,20000,4820,2600
17460,570,17470,20000,4960,2600
21450,1250,21450,20000,4980,2600
10980,430,11020,20000,5360,2600
9200,100,9240,20000,5380,2600
26990,1400,27240,20000,5760,2600
16970,1910,17160,20000,5780,2600
30680,1270,30680,20000,3480,2580
30430,1810,30430,20000,3500,2580
29830,1230,29830,20000,3520,2580
33370,2600,33370,20000,3540,2580
25420,1900,25420,20000,3560,2580
21180,2550,21180,20000,3580,2580
24820,4090,24820,20000,3600,2580
20930,2400,20930,20000,3620,2580
16410,1520,16410,20000,3680,2580
25430,860,25430,20000,3700,2580
22730,760,22730,20000,3760,2580
26140,610,26140,20000,3780,2580
24560,800,24560,20000,3800,2580
29340,420,29340,20000,3820,2580
27680,1290,27680,20000,3840,2580
28920,560,28920,20000,3860,2580
24310,940,24310,20000,3880,2580
19500,2280,19500,20000,3900,2580
21980,1640,21980,20000,3920,2580
24690,730,24690,20000,3940,2580
8280,2670,8290,20000,4000,2580
10620,1000,10620,20000,4020,2580
5640,1030,5640,20000,4080,2580
4730,1830,4730,20000,4100,2580
2740,220,2740,20000,4120,2580
2300,940,2300,20000,4140,2580
2590,480,2590,20000,4220,2580
12830,1010,12840,20000,4420,2580
2920,1200,2920,20000,4560,2580
1660,450,1660,20000,4580,2580
5310,590,5330,20000,4660,2580
6800,750,6830,20000,4680,2580
6680,740,6740,20000,4760,2580
5820,200,5850,20000,4780,2580
9840,330,9870,20000,4800,2580
16200,170,16220,20000,4820,2580
22220,850,22230,20000,4960,2580
23570,500,23590,20000,4980,2580
20820,850,21170,20000,5240,2580
9000,100,9020,20000,1080,2560
NA,NA,NA,20000,1120,2560
26280,590,26290,20000,3480,2560
22240,260,22240,20000,3500,2560
28190,830,28200,20000,3520,2560
28920,540,28920,20000,3540,2560
19130,1140,19130,20000,3560,2560
25260,1880,25270,20000,3580,2560
20970,1870,20970,20000,3600,2560
16830,1610,16830,20000,3620,2560
13940,1080,13940,20000,3680,2560
20180,1010,20190,20000,3700,2560
19800,1620,19800,20000,3760,2560
28940,1660,28940,20000,3780,2560
20960,440,20960,20000,3800,2560
14990,740,14990,20000,3820,2560
18090,950,18090,20000,3840,2560
24840,1330,24840,20000,3860,2560
14830,1310,14830,20000,3880,2560
21250,1770,21260,20000,3900,2560
26760,1340,26760,20000,3920,2560
19770,1390,19770,20000,3940,2560
16410,1770,16410,20000,4000,2560
15430,1450,15430,20000,4020,2560
6570,580,6570,20000,4080,2560
8260,1440,8270,20000,4100,2560
4810,910,4820,20000,4120,2560
1360,130,1360,20000,4200,2560
1720,760,1720,20000,4220,2560
6610,250,6610,20000,4420,2560
14870,1520,14890,20000,4560,2560
4160,630,4170,20000,4580,2560
9470,340,9500,20000,4640,2560
12690,300,12730,20000,4660,2560
9580,100,9640,20000,4760,2560
7270,60,7320,20000,4780,2560
11840,170,11880,20000,4800,2560
18120,120,18150,20000,4820,2560
23080,660,23090,20000,4960,2560
27710,640,27720,20000,4980,2560
18440,210,18690,20000,5240,2560
11220,20,11410,20000,5260,2560
24870,770,24870,20000,3480,2540
31880,880,31890,20000,3500,2540
28740,230,28750,20000,3520,2540
18290,980,18290,20000,3540,2540
15640,820,15640,20000,3560,2540
15000,1100,15000,20000,3580,2540
16330,1680,16330,20000,3600,2540
24170,1880,24170,20000,3620,2540
24410,1680,24410,20000,3640,2540
19940,1550,19940,20000,3660,2540
10640,930,10640,20000,3680,2540
15140,1520,15140,20000,3700,2540
19650,530,19650,20000,3720,2540
22260,1800,22260,20000,3740,2540
16050,1750,16050,20000,3760,2540
18580,760,18580,20000,3780,2540
20420,1060,20420,20000,3800,2540
9630,550,9630,20000,3820,2540
21590,2030,21600,20000,3840,2540
26820,2520,26820,20000,3860,2540
17670,2060,17670,20000,3880,2540
17520,2060,17520,20000,3900,2540
21060,980,21060,20000,3920,2540
21030,1100,21030,20000,3940,2540
10980,2650,10980,20000,3960,2540
12780,1980,12780,20000,3980,2540
20370,1090,20370,20000,4000,2540
13940,930,13940,20000,4020,2540
12320,1020,12330,20000,4380,2540
9960,480,9970,20000,4480,2540
8780,1200,8790,20000,4500,2540
19160,320,19170,20000,4520,2540
29610,950,29640,20000,4540,2540
4980,1370,5020,20000,4600,2540
11140,860,11190,20000,4660,2540
10670,380,10730,20000,4680,2540
11610,470,11710,20000,4700,2540
12720,890,12800,20000,4740,2540
9650,90,9680,20000,4760,2540
3740,50,3770,20000,4780,2540
15240,610,15270,20000,4800,2540
15670,200,15680,20000,4820,2540
22320,170,22340,20000,4840,2540
16930,1160,16950,20000,4860,2540
21400,3150,21420,20000,4900,2540
16490,840,16500,20000,4920,2540
24830,1500,24850,20000,4940,2540
25920,1600,25930,20000,4960,2540
17600,920,17610,20000,4980,2540
5980,850,5980,20000,5000,2540
13590,140,13620,20000,5280,2540
13060,50,13070,20000,5300,2540
13810,30,14190,20000,5440,2540
14430,140,14650,20000,5460,2540
17050,50,17410,20000,5520,2540
19620,150,20050,20000,5540,2540
9680,50,9710,20000,1200,2520
20020,1580,20030,20000,3480,2520
25840,740,25840,20000,3500,2520
22400,1030,22400,20000,3520,2520
21940,2750,21940,20000,3560,2520
9360,1810,9360,20000,3580,2520
15840,660,15850,20000,3600,2520
19670,1800,19670,20000,3620,2520
22760,1750,22760,20000,3640,2520
21400,1770,21400,20000,3660,2520
11120,890,11120,20000,3680,2520
11980,1360,11980,20000,3700,2520
15170,810,15170,20000,3720,2520
21980,1950,21980,20000,3740,2520
20510,1620,20510,20000,3760,2520
19190,1840,19190,20000,3780,2520
21890,1840,21890,20000,3800,2520
8820,320,8820,20000,3820,2520
18810,1920,18810,20000,3840,2520
23740,1300,23740,20000,3860,2520
9080,1580,9080,20000,3900,2520
15060,1480,15060,20000,3920,2520
18600,2320,18600,20000,3940,2520
12170,1300,12170,20000,3960,2520
8420,1710,8420,20000,3980,2520
18500,1460,18500,20000,4000,2520
8420,400,8420,20000,4020,2520
4890,240,4890,20000,4360,2520
21250,860,21270,20000,4520,2520
20180,1370,20200,20000,4560,2520
19540,1360,19560,20000,4580,2520
6390,1980,6420,20000,4640,2520
6770,920,6810,20000,4680,2520
5120,470,5160,20000,4700,2520
7040,490,7110,20000,4720,2520
3130,80,3150,20000,4740,2520
6830,120,6860,20000,4760,2520
7830,270,7840,20000,4780,2520
13280,520,13290,20000,4800,2520
14550,830,14570,20000,4820,2520
8360,330,8370,20000,4840,2520
19420,820,19440,20000,4860,2520
11670,2420,11680,20000,4880,2520
3430,580,3430,20000,4900,2520
19170,3750,19180,20000,4920,2520
24720,1200,24730,20000,4940,2520
13590,1140,13600,20000,4960,2520
13810,1160,13820,20000,5000,2520
6350,770,6360,20000,5020,2520
21310,180,21330,20000,5280,2520
6070,40,6080,20000,5300,2520
16310,40,16610,20000,5440,2520
12500,130,12700,20000,5460,2520
23060,30,23460,20000,5520,2520
32660,40,33100,20000,5540,2520
6390,370,6400,20000,3500,2500
12170,1040,12170,20000,3520,2500
21080,2310,21080,20000,3540,2500
20250,1650,20250,20000,3560,2500
12870,1350,12870,20000,3580,2500
11940,480,11950,20000,3600,2500
18610,1680,18610,20000,3620,2500
20840,900,20840,20000,3660,2500
11420,540,11420,20000,3680,2500
10480,520,10490,20000,3700,2500
17320,1000,17320,20000,3720,2500
22510,1260,22510,20000,3740,2500
24030,800,24030,20000,3760,2500
24380,1510,24380,20000,3780,2500
12590,1390,12590,20000,3800,2500
10470,220,10470,20000,3820,2500
12460,1430,12460,20000,3840,2500
19550,1680,19550,20000,3860,2500
18380,2720,18380,20000,3920,2500
19090,1820,19090,20000,3940,2500
20110,1150,20110,20000,3960,2500
15000,1120,15000,20000,3980,2500
5210,280,5220,20000,4160,2500
3270,110,3280,20000,4180,2500
7840,110,7860,20000,4200,2500
6070,260,6080,20000,4220,2500
10990,260,11010,20000,4240,2500
10550,350,10560,20000,4260,2500
10060,1070,10070,20000,4300,2500
1790,150,1790,20000,4360,2500
7560,290,7570,20000,4380,2500
5140,630,5150,20000,4400,2500
11630,750,11650,20000,4420,2500
5830,1300,5850,20000,4620,2500
27200,360,27230,20000,4740,2500
8190,210,8210,20000,4760,2500
4300,20,4310,20000,4780,2500
9190,470,9200,20000,4800,2500
23040,1220,23050,20000,4820,2500
10270,540,10270,20000,4840,2500
13020,890,13030,20000,4860,2500
11300,500,11310,20000,4880,2500
21310,870,21320,20000,4920,2500
5240,770,5240,20000,4940,2500
25640,3910,25650,20000,4980,2500
29340,790,29350,20000,5000,2500
20740,920,20750,20000,5020,2500
7470,60,7730,20000,5360,2500
11930,50,12120,20000,5380,2500
34380,20,34660,20000,5480,2500
36230,510,36330,20000,5500,2500
23450,0,23520,20000,5720,2500
27670,3550,27780,20000,5740,2500
12990,2350,13000,20000,3480,2480
10760,890,10760,20000,3520,2480
8850,700,8850,20000,3540,2480
7160,850,7160,20000,3560,2480
10780,300,10780,20000,3580,2480
10080,1240,10080,20000,3600,2480
13850,1020,13860,20000,3620,2480
15100,320,15110,20000,3640,2480
15310,650,15310,20000,3660,2480
8830,890,8830,20000,3680,2480
14820,1070,14820,20000,3700,2480
24480,1310,24480,20000,3720,2480
23900,1270,23910,20000,3740,2480
22850,1480,22850,20000,3760,2480
18880,2250,18880,20000,3780,2480
13280,1880,13280,20000,3800,2480
14060,1910,14060,20000,3820,2480
15630,2470,15630,20000,3840,2480
14800,1920,14810,20000,3860,2480
11250,2310,11250,20000,3880,2480
21170,2340,21170,20000,3920,2480
24760,930,24760,20000,3940,2480
20010,1110,20010,20000,3960,2480
10780,780,10790,20000,3980,2480
19500,1280,19510,20000,4180,2480
26080,1150,26090,20000,4200,2480
13910,440,13910,20000,4220,2480
22540,450,22540,20000,4280,2480
28610,1030,28610,20000,4300,2480
5700,140,5710,20000,4500,2480
6030,800,6090,20000,4600,2480
2960,1000,2980,20000,4620,2480
2220,190,2240,20000,4720,2480
5310,370,5330,20000,4740,2480
3280,470,3280,20000,4780,2480
5930,890,5930,20000,4800,2480
4150,690,4150,20000,4820,2480
5080,1000,5090,20000,4840,2480
7570,1760,7580,20000,4860,2480
6410,1090,6420,20000,4880,2480
7000,430,7010,20000,4940,2480
19840,690,19850,20000,5000,2480
20110,200,20120,20000,5020,2480
13690,270,13830,20000,5360,2480
14590,70,14860,20000,5380,2480
30460,200,30800,20000,5480,2480
34800,40,35020,20000,5500,2480
28740,1300,28820,20000,5720,2480
26390,3320,26440,20000,5740,2480
7240,1160,7250,20000,3480,2460
13470,2410,13480,20000,3540,2460
7850,1430,7860,20000,3560,2460
10750,1200,10750,20000,3580,2460
7450,670,7450,20000,3600,2460
10930,860,10930,20000,3620,2460
12940,520,12940,20000,3640,2460
19590,1490,19600,20000,3660,2460
13570,970,13570,20000,3680,2460
21110,1300,21110,20000,3700,2460
25140,1540,25140,20000,3720,2460
16470,1040,16470,20000,3740,2460
20390,2210,20390,20000,3800,2460
19990,1640,19990,20000,3820,2460
17710,1720,17710,20000,3840,2460
7900,1670,7900,20000,3880,2460
17580,1770,17580,20000,3940,2460
5120,400,5120,20000,3980,2460
11070,250,11080,20000,4120,2460
21750,910,21760,20000,4140,2460
26700,1150,26710,20000,4160,2460
34300,2080,34300,20000,4180,2460
30520,790,30520,20000,4200,2460
23910,2140,23910,20000,4220,2460
24660,2100,24660,20000,4240,2460
26840,1880,26850,20000,4260,2460
35830,400,35830,20000,4320,2460
33440,490,33450,20000,4340,2460
4740,890,4750,20000,4760,2460
450,0,450,20000,4780,2460
NA,NA,NA,20000,4840,2460
23800,310,23800,20000,5680,2460
19540,390,19550,20000,5700,2460
29120,110,29130,20000,5720,2460
30450,490,30450,20000,5740,2460
NA,NA,NA,20000,2920,2440
3810,450,3810,20000,3480,2440
13390,2070,13400,20000,3640,2440
22560,990,22560,20000,3660,2440
20000,860,20010,20000,3680,2440
23110,2180,23110,20000,3700,2440
26550,2850,26550,20000,3720,2440
30870,1710,30870,20000,3740,2440
19680,1540,19680,20000,3800,2440
19370,4290,19370,20000,3840,2440
14620,3100,14630,20000,3860,2440
8750,1050,8750,20000,3880,2440
7260,2620,7260,20000,3960,2440
6390,860,6390,20000,3980,2440
23320,1920,23340,20000,4120,2440
12690,500,12710,20000,4140,2440
16620,1300,16640,20000,4160,2440
24770,2400,24790,20000,4180,2440
24570,4500,24570,20000,4200,2440
25100,4870,25110,20000,4220,2440
24280,1890,24290,20000,4260,2440
35870,950,35870,20000,4320,2440
31740,830,31750,20000,4340,2440
36390,1090,36400,20000,4360,2440
26250,1080,26250,20000,4380,2440
30910,2660,30920,20000,4400,2440
2840,840,2840,20000,4760,2440
29400,670,29410,20000,5680,2440
28600,270,28600,20000,5700,2440
30170,180,30170,20000,5720,2440
43850,300,43850,20000,5740,2440
27340,1940,27340,20000,3540,2420
7370,810,7380,20000,3600,2420
11140,1650,11140,20000,3620,2420
20240,2000,20240,20000,3640,2420
22350,1310,22350,20000,3660,2420
21260,1040,21270,20000,3680,2420
25030,1390,25030,20000,3700,2420
18990,1140,19000,20000,3720,2420
34090,1390,34090,20000,3740,2420
20970,2740,20970,20000,3800,2420
23950,2490,23950,20000,3820,2420
16780,3130,16780,20000,3840,2420
7420,2040,7420,20000,3860,2420
11630,1590,11640,20000,3900,2420
7080,1270,7080,20000,3940,2420
7250,3320,7250,20000,3960,2420
15800,2770,15800,20000,3980,2420
25160,500,25170,20000,4120,2420
29830,650,29850,20000,4140,2420
16060,1000,16090,20000,4180,2420
29690,3960,29700,20000,4200,2420
28470,2030,28480,20000,4220,2420
33500,1430,33500,20000,4300,2420
25240,1060,25250,20000,4320,2420
26150,1900,26160,20000,4340,2420
22710,630,22710,20000,4360,2420
27120,1180,27130,20000,4400,2420
25930,1180,25940,20000,4420,2420
32010,1390,32020,20000,4460,2420
3050,840,3050,20000,4760,2420
37260,10,37370,20000,5400,2420
20080,1160,20340,20000,5420,2420
29070,290,29080,20000,5600,2420
19530,210,19540,20000,5620,2420
16980,90,17000,20000,5680,2420
23220,340,23230,20000,5700,2420
38690,210,38690,20000,5720,2420
23850,680,23850,20000,5740,2420
7270,170,7270,20000,3000,2400
4790,90,4790,20000,3020,2400
9730,510,9730,20000,3520,2400
9190,820,9190,20000,3640,2400
14720,1130,14720,20000,3660,2400
21750,1580,21750,20000,3680,2400
20240,2260,20240,20000,3700,2400
22660,3240,22660,20000,3720,2400
28930,1170,28930,20000,3740,2400
24030,3200,24030,20000,3800,2400
14440,890,14440,20000,3820,2400
3690,860,3690,20000,3840,2400
15410,2590,15410,20000,3880,2400
11320,950,11320,20000,3980,2400
37570,500,37580,20000,4120,2400
22560,480,22580,20000,4140,2400
22610,840,22620,20000,4200,2400
6120,1890,6130,20000,4240,2400
6180,2260,6180,20000,4260,2400
30680,1420,30700,20000,4420,2400
24500,5240,24510,20000,4460,2400
6540,2340,6540,20000,4760,2400
2830,990,2830,20000,4780,2400
26070,240,26260,20000,5400,2400
24200,10,24600,20000,5420,2400
20830,450,20840,20000,5600,2400
20640,140,20660,20000,5620,2400
36260,500,36270,20000,5680,2400
29890,240,29900,20000,5700,2400
28990,310,29000,20000,5720,2400
15560,330,15560,20000,5740,2400
8150,500,8170,20000,2880,2380
16380,620,16390,20000,2900,2380
14770,520,14770,20000,3040,2380
15570,270,15580,20000,3060,2380
7130,350,7140,20000,3080,2380
2490,220,2490,20000,3100,2380
5590,810,5590,20000,3440,2380
4940,190,4940,20000,3460,2380
17960,2000,17960,20000,3560,2380
16990,2470,16990,20000,3640,2380
22850,1360,22850,20000,3660,2380
25670,3190,25670,20000,3680,2380
28400,1500,28400,20000,3700,2380
25920,4430,25920,20000,3720,2380
28490,4400,28490,20000,3740,2380
30660,7590,30660,20000,3760,2380
19070,5360,19070,20000,3780,2380
21250,3490,21250,20000,3800,2380
11030,2040,11030,20000,3820,2380
6350,1160,6360,20000,3860,2380
7910,820,7910,20000,3880,2380
11060,1830,11060,20000,3900,2380
6470,2390,6470,20000,3940,2380
8580,3000,8580,20000,3960,2380
8420,3180,8420,20000,3980,2380
30620,2890,30620,20000,4000,2380
18860,1360,18860,20000,4020,2380
24760,1400,24780,20000,4140,2380
5410,330,5430,20000,4200,2380
4150,320,4160,20000,4220,2380
2250,1060,2260,20000,4240,2380
1580,430,1590,20000,4260,2380
3550,1420,3550,20000,4280,2380
4470,2470,4470,20000,4300,2380
21700,550,21710,20000,4440,2380
25930,6990,25940,20000,4460,2380
NA,NA,NA,20000,4660,2380
NA,NA,NA,20000,5300,2380
20280,320,20280,20000,5640,2380
15910,1010,15920,20000,5660,2380
16960,620,16980,20000,2880,2360
14530,250,14540,20000,2900,2360
18130,540,18140,20000,3040,2360
18060,580,18070,20000,3060,2360
12470,170,12470,20000,3080,2360
13110,230,13120,20000,3100,2360
18390,900,18390,20000,3120,2360
6530,130,6530,20000,3140,2360
7820,610,7820,20000,3440,2360
8460,500,8460,20000,3460,2360
26540,1770,26540,20000,3580,2360
21710,2370,21710,20000,3600,2360
16890,990,16890,20000,3640,2360
21960,2220,21970,20000,3680,2360
25390,1690,25390,20000,3700,2360
11630,2490,11630,20000,3760,2360
19740,5130,19740,20000,3780,2360
10450,760,10450,20000,3800,2360
3960,520,3970,20000,3840,2360
8290,1160,8290,20000,3860,2360
14030,3810,14030,20000,3880,2360
9880,2280,9880,20000,3940,2360
8100,2520,8100,20000,3960,2360
13470,2110,13470,20000,4000,2360
15700,2730,15710,20000,4020,2360
20970,1090,20990,20000,4140,2360
6910,1470,6930,20000,4160,2360
2640,230,2650,20000,4180,2360
1470,90,1480,20000,4200,2360
3470,360,3490,20000,4220,2360
1480,310,1500,20000,4240,2360
2890,260,2910,20000,4260,2360
5000,2390,5010,20000,4280,2360
2820,850,2830,20000,4300,2360
3860,1830,3860,20000,4320,2360
22670,1260,22690,20000,5640,2360
20470,200,20480,20000,5660,2360
18730,290,18740,20000,3200,2340
16400,190,16400,20000,3220,2340
1170,20,1180,20000,3280,2340
9690,360,9690,20000,3400,2340
13430,580,13430,20000,3420,2340
21280,970,21280,20000,3440,2340
24420,940,24420,20000,3460,2340
22500,1110,22500,20000,3480,2340
25910,1930,25910,20000,3500,2340
19840,3050,19840,20000,3640,2340
21360,3770,21360,20000,3680,2340
23580,1040,23580,20000,3700,2340
21980,2290,21980,20000,3720,2340
19860,1980,19870,20000,3740,2340
19730,8150,19730,20000,3760,2340
10190,2140,10200,20000,3780,2340
4510,1000,4510,20000,3800,2340
5210,900,5210,20000,3820,2340
11980,2230,11980,20000,3840,2340
12380,1500,12380,20000,3880,2340
8370,3660,8370,20000,3940,2340
11770,3630,11770,20000,3960,2340
13640,4220,13640,20000,3980,2340
9370,2610,9370,20000,4000,2340
9000,890,9000,20000,4020,2340
6370,80,6380,20000,4120,2340
8780,610,8790,20000,4140,2340
1200,50,1220,20000,4260,2340
2230,200,2250,20000,4320,2340
2070,430,2070,20000,4340,2340
3940,1190,3940,20000,4360,2340
NA,NA,NA,20000,4700,2340
4320,470,4340,20000,4760,2340
4480,1030,4490,20000,4780,2340
14070,140,14070,20000,5480,2340
24000,1310,24000,20000,5500,2340
15570,280,15600,20000,5720,2340
22430,880,22430,20000,5740,2340
650,0,650,20000,5760,2340
17920,520,17920,20000,3200,2320
23710,260,23710,20000,3220,2320
4680,330,4690,20000,3280,2320
3460,90,3470,20000,3300,2320
1360,30,1360,20000,3340,2320
3460,250,3470,20000,3360,2320
7100,680,7100,20000,3380,2320
18720,910,18720,20000,3400,2320
21870,670,21870,20000,3440,2320
23540,810,23540,20000,3460,2320
27730,1080,27730,20000,3480,2320
15300,1060,15300,20000,3620,2320
25180,3170,25180,20000,3640,2320
24450,2190,24450,20000,3660,2320
20510,880,20510,20000,3700,2320
18970,1640,18970,20000,3720,2320
18420,1950,18420,20000,3740,2320
15640,1660,15640,20000,3760,2320
18260,2480,18260,20000,3780,2320
8020,750,8020,20000,3800,2320
11480,2170,11480,20000,3860,2320
9090,1780,9100,20000,3920,2320
9980,1640,9990,20000,3940,2320
14200,3330,14200,20000,3960,2320
15290,2990,15300,20000,4000,2320
17140,1650,17140,20000,4020,2320
9160,340,9160,20000,4120,2320
4300,220,4320,20000,4140,2320
2030,140,2050,20000,4320,2320
1860,110,1880,20000,4340,2320
1050,80,1060,20000,4360,2320
1620,420,1620,20000,4380,2320
2070,470,2070,20000,4400,2320
7710,3500,7720,20000,4420,2320
4330,250,4340,20000,4760,2320
4870,370,4890,20000,4780,2320
NA,NA,NA,20000,4840,2320
15390,190,15400,20000,5480,2320
14050,690,14050,20000,5500,2320
28250,530,28250,20000,5720,2320
10920,470,10920,20000,5740,2320
5560,100,5570,20000,3280,2300
5670,200,5690,20000,3300,2300
31280,1110,31280,20000,3400,2300
27600,1300,27600,20000,3420,2300
24010,950,24010,20000,3440,2300
17470,930,17470,20000,3460,2300
27660,1340,27660,20000,3480,2300
23520,1100,23520,20000,3500,2300
10540,910,10540,20000,3620,2300
31250,3220,31250,20000,3640,2300
28830,3420,28830,20000,3660,2300
22800,1300,22800,20000,3680,2300
8600,1360,8600,20000,3700,2300
6970,700,6970,20000,3760,2300
6720,710,6720,20000,3800,2300
16760,1990,16760,20000,3960,2300
15710,1240,15710,20000,4000,2300
7180,570,7180,20000,4020,2300
6300,830,6300,20000,4040,2300
3960,1200,3970,20000,4060,2300
3130,390,3160,20000,4160,2300
830,70,840,20000,4320,2300
3280,240,3300,20000,4340,2300
3920,820,3930,20000,4440,2300
5320,3360,5330,20000,4460,2300
7830,4210,7840,20000,4480,2300
8510,1070,8530,20000,4560,2300
31770,1050,31790,20000,5680,2300
32880,1090,32890,20000,5700,2300
17030,300,17030,20000,3280,2280
10500,520,10500,20000,3300,2280
24610,880,24610,20000,3400,2280
20270,710,20270,20000,3420,2280
27740,870,27740,20000,3440,2280
24510,1030,24510,20000,3460,2280
26520,570,26520,20000,3480,2280
21000,980,21000,20000,3500,2280
22600,1910,22600,20000,3520,2280
11370,2480,11370,20000,3680,2280
6930,1390,6930,20000,3700,2280
5360,550,5360,20000,3820,2280
10620,2920,10630,20000,3840,2280
8310,3690,8310,20000,3860,2280
30990,4130,31000,20000,3900,2280
6570,970,6570,20000,3960,2280
9850,1460,9850,20000,3980,2280
10270,1150,10270,20000,4000,2280
5050,140,5050,20000,4020,2280
11390,300,11390,20000,4040,2280
5250,850,5250,20000,4060,2280
12220,2840,12240,20000,4340,2280
11540,660,11570,20000,4360,2280
5490,930,5510,20000,4460,2280
7250,4240,7250,20000,4480,2280
10690,5880,10700,20000,4500,2280
740,0,740,20000,5340,2280
28780,3750,28790,20000,5680,2280
13210,1590,13210,20000,5700,2280
19170,1990,19170,20000,3580,2260
NA,NA,NA,20000,3800,2260
2700,490,2700,20000,3920,2260
3040,470,3040,20000,3940,2260
8360,2010,8370,20000,3960,2260
5520,1870,5520,20000,3980,2260
6370,1440,6380,20000,4000,2260
6370,1630,6390,20000,4340,2260
12080,1500,12110,20000,4480,2260
11040,1940,11060,20000,4500,2260
8760,910,8770,20000,4520,2260
2890,150,2900,20000,4840,2260
2950,230,2960,20000,4860,2260
11190,1190,11200,20000,5480,2260
9340,330,9340,20000,5500,2260
19480,900,19490,20000,5520,2260
14270,370,14280,20000,5540,2260
8830,440,8830,20000,3560,2240
18150,1110,18150,20000,3580,2240
22940,2140,22940,20000,3620,2240
7180,2260,7180,20000,3700,2240
7130,1600,7140,20000,3740,2240
500,120,500,20000,3940,2240
4370,1840,4380,20000,3960,2240
3760,1530,3760,20000,3980,2240
8750,2230,8760,20000,4000,2240
4130,570,4130,20000,4020,2240
2630,910,2640,20000,4340,2240
8260,2770,8270,20000,4440,2240
12240,1240,12270,20000,4480,2240
12590,1210,12620,20000,4500,2240
15730,4020,15750,20000,4540,2240
660,110,660,20000,4840,2240
750,60,750,20000,4860,2240
3600,40,3610,20000,4920,2240
1450,510,1450,20000,4940,2240
14860,1640,14860,20000,5480,2240
26770,800,26770,20000,5500,2240
30540,1730,30550,20000,5520,2240
32030,1160,32040,20000,5540,2240
6540,60,6660,20000,2800,2220
16220,350,16290,20000,2820,2220
15400,360,15680,20000,2880,2220
12260,570,12490,20000,2900,2220
15320,310,15320,20000,3280,2220
24360,920,24360,20000,3300,2220
32220,290,32220,20000,3320,2220
36500,870,36500,20000,3340,2220
18270,3210,18280,20000,3560,2220
13130,5370,13130,20000,3580,2220
8720,380,8720,20000,3600,2220
16440,1250,16440,20000,3620,2220
9540,2410,9540,20000,3680,2220
8080,2540,8080,20000,3700,2220
4730,1380,4730,20000,3720,2220
2220,380,2220,20000,3740,2220
1280,320,1290,20000,3980,2220
4100,1480,4110,20000,4380,2220
6140,2510,6140,20000,4400,2220
13240,5630,13250,20000,4420,2220
20820,4020,20850,20000,4460,2220
11460,1460,11480,20000,4480,2220
8650,1350,8670,20000,4540,2220
20130,340,20140,20000,5600,2220
16960,2440,16980,20000,5620,2220
19740,790,19740,20000,5640,2220
19760,1400,19770,20000,5660,2220
8360,60,8560,20000,2800,2200
12680,40,12790,20000,2820,2200
21340,890,21630,20000,2880,2200
15640,670,15650,20000,3300,2200
18710,780,18720,20000,3320,2200
28420,1590,28420,20000,3340,2200
10120,4680,10120,20000,3560,2200
14680,8920,14680,20000,3580,2200
8890,5510,8890,20000,3600,2200
8410,1840,8410,20000,3680,2200
NA,NA,NA,20000,4260,2200
13290,2700,13320,20000,4380,2200
8720,1980,8730,20000,4400,2200
8830,3610,8840,20000,4420,2200
20840,1180,20870,20000,4500,2200
16310,2550,16340,20000,4540,2200
11970,5050,11970,20000,4560,2200
12520,4160,12530,20000,4580,2200
16340,380,16370,20000,5600,2200
12710,1790,12730,20000,5620,2200
7250,110,7250,20000,5640,2200
15000,180,15220,20000,2840,2180
13030,250,13200,20000,2860,2180
30640,1740,30640,20000,3000,2180
33490,1010,33490,20000,3020,2180
40930,1920,40930,20000,3340,2180
10140,3730,10140,20000,3600,2180
8720,3180,8720,20000,3620,2180
13500,1770,13500,20000,3660,2180
9110,960,9110,20000,3680,2180
6100,1050,6100,20000,3700,2180
6140,1650,6140,20000,3740,2180
2760,260,2760,20000,4260,2180
3390,580,3390,20000,4380,2180
12080,3070,12090,20000,4420,2180
11600,4120,11620,20000,4440,2180
13220,3870,13240,20000,4460,2180
13020,1390,13030,20000,4500,2180
13720,3140,13740,20000,4540,2180
12420,3840,12430,20000,4560,2180
3490,1700,3490,20000,4580,2180
7800,2360,7820,20000,4600,2180
5990,180,5990,20000,5640,2180
22450,1010,22460,20000,5660,2180
12080,180,12260,20000,2840,2160
16750,480,16870,20000,2860,2160
12480,1540,12570,20000,2880,2160
7910,950,8000,20000,2900,2160
32030,420,32030,20000,3000,2160
24290,1200,24290,20000,3020,2160
16960,460,16960,20000,3320,2160
19160,750,19160,20000,3340,2160
12720,3510,12720,20000,3560,2160
6580,1150,6580,20000,3580,2160
5270,1340,5280,20000,3600,2160
7580,2730,7580,20000,3620,2160
17410,4450,17410,20000,3640,2160
9250,4050,9250,20000,3660,2160
5430,1620,5430,20000,3700,2160
7020,470,7030,20000,3720,2160
9050,3080,9050,20000,3740,2160
8410,280,8410,20000,4240,2160
8990,1680,8990,20000,4260,2160
6940,1910,6940,20000,4400,2160
19550,7360,19570,20000,4440,2160
10790,1040,10810,20000,4500,2160
6500,1000,6510,20000,4540,2160
9000,2940,9010,20000,4580,2160
8680,1220,8700,20000,4600,2160
3540,390,3540,20000,5640,2160
4770,1480,4770,20000,5660,2160
12370,1940,12420,20000,2880,2140
17780,2350,17840,20000,2900,2140
10270,400,10270,20000,3560,2140
8750,950,8750,20000,3580,2140
8690,1380,8690,20000,3600,2140
9450,3930,9450,20000,3620,2140
11370,2770,11370,20000,3640,2140
12600,2960,12610,20000,3660,2140
11760,2540,11760,20000,3680,2140
7150,1880,7150,20000,3700,2140
16950,1150,16950,20000,3720,2140
17380,1490,17390,20000,3740,2140
11120,3330,11130,20000,4440,2140
25110,6460,25120,20000,4460,2140
24490,6310,24520,20000,4480,2140
5360,2270,5370,20000,4560,2140
8290,680,8300,20000,4580,2140
18320,980,18330,20000,4600,2140
12290,2130,12300,20000,4620,2140
4990,590,5010,20000,4680,2140
2060,500,2070,20000,5660,2140
22680,1090,22700,20000,2900,2120
16720,310,16720,20000,3560,2120
20810,570,20820,20000,3580,2120
16390,840,16390,20000,3600,2120
15360,1330,15360,20000,3620,2120
13500,580,13500,20000,3640,2120
16310,620,16320,20000,3660,2120
9110,1060,9110,20000,3680,2120
4240,460,4240,20000,3700,2120
11570,560,11570,20000,3720,2120
16620,350,16630,20000,3740,2120
32350,7150,32360,20000,4460,2120
14010,4660,14030,20000,4480,2120
8430,2530,8430,20000,4580,2120
12440,270,12440,20000,4600,2120
13010,3290,13020,20000,4620,2120
9450,510,9470,20000,4640,2120
11480,1530,11530,20000,4660,2120
12290,1080,12340,20000,4700,2120
3050,830,3060,20000,5640,2120
5420,1810,5420,20000,5660,2120
7990,940,7990,20000,5680,2120
30010,1790,30020,20000,3520,2100
30230,380,30240,20000,3540,2100
32620,430,32630,20000,3560,2100
30010,290,30020,20000,3580,2100
22310,680,22320,20000,3600,2100
11510,900,11520,20000,3620,2100
7930,880,7930,20000,3640,2100
11280,2270,11290,20000,3660,2100
1880,260,1880,20000,3680,2100
6540,50,6540,20000,3700,2100
5680,960,5680,20000,4200,2100
6230,800,6230,20000,4220,2100
11970,1660,11980,20000,4460,2100
18310,3670,18320,20000,4480,2100
9960,1890,9960,20000,4560,2100
7210,860,7220,20000,4580,2100
10940,1980,10960,20000,4640,2100
11960,410,11980,20000,4660,2100
12660,460,12690,20000,4680,2100
11320,4150,11330,20000,4800,2100
5780,1030,5790,20000,4820,2100
4740,780,4750,20000,5400,2100
13970,180,13990,20000,5420,2100
18560,1350,18560,20000,5480,2100
45670,1480,45680,20000,5500,2100
2850,70,2850,20000,5620,2100
13520,440,13530,20000,5640,2100
28440,1670,28440,20000,3520,2080
21990,1380,21990,20000,3540,2080
24320,670,24320,20000,3580,2080
15420,870,15420,20000,3600,2080
9730,2400,9730,20000,3620,2080
2750,260,2750,20000,3640,2080
8230,720,8240,20000,3660,2080
4380,610,4390,20000,3680,2080
2430,170,2430,20000,3700,2080
3340,810,3350,20000,4200,2080
8170,1270,8170,20000,4220,2080
16110,2380,16120,20000,4500,2080
7520,900,7540,20000,4560,2080
6770,1170,6780,20000,4580,2080
17840,3150,17840,20000,4640,2080
12690,2310,12700,20000,4660,2080
10900,70,10920,20000,4680,2080
14780,670,14820,20000,4700,2080
19410,2830,19420,20000,4800,2080
3460,350,3460,20000,5360,2080
15110,1100,15110,20000,5380,2080
27460,880,27460,20000,5400,2080
6130,1410,6130,20000,5420,2080
21850,920,21850,20000,5480,2080
7860,370,7870,20000,5500,2080
13450,220,13460,20000,2880,2060
24050,2100,24050,20000,3440,2060
24600,1340,24610,20000,3460,2060
15030,570,15030,20000,3480,2060
8190,340,8190,20000,3500,2060
7010,1330,7010,20000,3560,2060
8490,2470,8490,20000,4220,2060
10010,1600,10030,20000,4520,2060
9700,1710,9740,20000,4540,2060
7180,740,7210,20000,4580,2060
8370,4140,8380,20000,4640,2060
7990,320,8030,20000,4660,2060
12160,670,12190,20000,4680,2060
33080,1760,33090,20000,4760,2060
3890,1150,3890,20000,4780,2060
30130,3250,30130,20000,4800,2060
7890,120,7910,20000,5320,2060
4580,180,4590,20000,5340,2060
11750,120,11750,20000,5360,2060
22030,2300,22040,20000,5380,2060
17280,1330,17290,20000,5400,2060
7780,2150,7780,20000,5420,2060
6340,440,6340,20000,5440,2060
7340,300,7350,20000,5460,2060
2480,80,2480,20000,5540,2060
NA,NA,NA,20000,5560,2060
18830,1600,18830,20000,2880,2040
18000,960,18000,20000,2900,2040
27930,2420,27930,20000,3440,2040
20880,1110,20880,20000,3460,2040
15430,2970,15430,20000,3480,2040
10920,690,10920,20000,3520,2040
7230,1090,7230,20000,3540,2040
14060,750,14070,20000,3560,2040
10500,950,10500,20000,3580,2040
5680,630,5680,20000,3600,2040
1880,170,1880,20000,3620,2040
4100,900,4100,20000,4220,2040
1800,160,1800,20000,4520,2040
17120,1650,17140,20000,4560,2040
7590,380,7610,20000,4580,2040
11980,2090,12000,20000,4640,2040
9070,720,9100,20000,4660,2040
12610,640,12620,20000,4680,2040
13780,730,13840,20000,4700,2040
19470,2280,19550,20000,4720,2040
25710,770,25730,20000,4740,2040
14990,920,15000,20000,4760,2040
74350,7350,74370,20000,4780,2040
9840,3380,9840,20000,4800,2040
10870,630,10880,20000,4820,2040
16030,230,16040,20000,5280,2040
4160,120,4160,20000,5300,2040
24850,50,24860,20000,5320,2040
17110,110,17130,20000,5340,2040
24960,50,24980,20000,5360,2040
26380,230,26400,20000,5380,2040
26510,100,26510,20000,5400,2040
10750,800,10750,20000,5420,2040
9480,1050,9490,20000,5440,2040
5560,980,5560,20000,5460,2040
29090,6420,29120,20000,2840,2020
28050,3410,28050,20000,2860,2020
28230,670,28230,20000,2880,2020
30700,220,30700,20000,2900,2020
16180,960,16180,20000,2960,2020
9170,130,9180,20000,2980,2020
9970,760,9970,20000,3240,2020
7580,1260,7580,20000,3260,2020
18100,330,18110,20000,4580,2020
7810,2590,7830,20000,4640,2020
11320,1000,11350,20000,4660,2020
25400,3270,25440,20000,4740,2020
28180,820,28200,20000,4760,2020
22770,2590,22770,20000,4780,2020
39230,8820,39240,20000,4800,2020
10580,1230,10590,20000,4820,2020
33830,680,33840,20000,5280,2020
5880,130,5890,20000,5400,2020
9900,440,9910,20000,5420,2020
14290,1710,14290,20000,5440,2020
13040,1070,13040,20000,5460,2020
18480,950,18480,20000,2840,2000
33340,3810,33340,20000,2860,2000
17980,2200,17980,20000,2880,2000
28250,2720,28250,20000,2900,2000
28210,260,28210,20000,2980,2000
24700,2730,24700,20000,3260,2000
6710,440,6720,20000,4640,2000
22460,1190,22480,20000,4780,2000
25700,2140,25720,20000,4800,2000
3700,1120,3700,20000,4840,2000
1430,930,1430,20000,4860,2000
30000,10500,30030,20000,4880,2000
6790,1590,6800,20000,4940,2000
5120,370,5130,20000,5280,2000
13610,490,13620,20000,5300,2000
9870,240,9870,20000,5420,2000
16730,260,16730,20000,5440,2000
5900,220,5900,20000,5460,2000
4750,160,4760,20000,5600,2000
22850,2910,22870,20000,2800,1980
27210,820,27240,20000,2820,1980
26260,2140,26260,20000,3040,1980
29700,4520,29700,20000,3060,1980
29710,2320,29710,20000,3080,1980
34600,1210,34600,20000,3100,1980
30470,1460,30470,20000,3120,1980
20730,760,20740,20000,3140,1980
23170,1160,23170,20000,3180,1980
13060,790,13060,20000,3480,1980
16310,330,16320,20000,3500,1980
18120,3530,18120,20000,4240,1980
19380,2460,19390,20000,4260,1980
14040,6950,14040,20000,4840,1980
99220,36180,99260,20000,4860,1980
17970,4430,18000,20000,4880,1980
18080,2800,18100,20000,4920,1980
23630,3560,23670,20000,4960,1980
9440,1170,9450,20000,4980,1980
9940,480,9940,20000,5280,1980
5840,1810,5840,20000,5300,1980
16520,460,16530,20000,5320,1980
3230,270,3240,20000,5340,1980
6370,30,6380,20000,5360,1980
10860,140,10870,20000,5380,1980
40060,8590,40060,20000,2800,1960
18610,1700,18660,20000,2820,1960
17010,2980,17010,20000,3040,1960
21890,2070,21890,20000,3060,1960
27310,3910,27320,20000,3080,1960
24820,4310,24820,20000,3120,1960
30500,690,30500,20000,3180,1960
8250,210,8260,20000,3480,1960
2210,90,2210,20000,3500,1960
17050,2440,17050,20000,4240,1960
12430,520,12430,20000,4260,1960
1080,100,1090,20000,4680,1960
15930,3880,15950,20000,4740,1960
13800,1130,13890,20000,4760,1960
19970,2100,19980,20000,4820,1960
16770,5150,16790,20000,4920,1960
12850,2470,12860,20000,4980,1960
94710,3660,94730,20000,5280,1960
8370,2440,8370,20000,5300,1960
7300,1100,7310,20000,5320,1960
13750,320,13750,20000,5340,1960
5070,360,5070,20000,5360,1960
3010,120,3020,20000,5380,1960
56990,4410,57000,20000,2760,1940
32380,6020,32390,20000,2780,1940
38800,4690,38800,20000,2800,1940
33970,6230,33980,20000,2820,1940
29040,2330,29050,20000,2840,1940
28780,100,28780,20000,2860,1940
30990,7120,30990,20000,3140,1940
36010,2410,36010,20000,3180,1940
35100,1240,35100,20000,3200,1940
30210,1420,30210,20000,3220,1940
12330,1690,12340,20000,4160,1940
38150,5280,38170,20000,4180,1940
19970,1810,19980,20000,4200,1940
25010,2770,25010,20000,4220,1940
NA,NA,NA,20000,4660,1940
1130,180,1150,20000,4680,1940
270,20,270,20000,4700,1940
10460,1120,10510,20000,4780,1940
16130,1250,16140,20000,4800,1940
21970,9350,21980,20000,4860,1940
16520,3590,16540,20000,4880,1940
2780,590,2780,20000,4900,1940
12700,1690,12710,20000,4940,1940
15340,4820,15370,20000,5020,1940
550,0,550,20000,5600,1940
2240,240,2240,20000,5680,1940
15650,1850,15690,20000,5700,1940
16650,2750,16680,20000,5720,1940
44720,2420,44720,20000,2760,1920
33280,2980,33280,20000,2780,1920
33360,2360,33380,20000,2800,1920
36250,3720,36260,20000,2820,1920
28450,1080,28450,20000,2840,1920
34300,500,34300,20000,2860,1920
25890,6610,25890,20000,3120,1920
27730,2160,27730,20000,3220,1920
16800,1570,16800,20000,4180,1920
37270,5310,37280,20000,4200,1920
18110,1620,18120,20000,4220,1920
10440,680,10470,20000,4780,1920
14890,1030,14900,20000,4820,1920
11930,1800,11940,20000,4860,1920
22340,3320,22460,20000,5020,1920
10740,620,10750,20000,5680,1920
40850,1400,40890,20000,5740,1920
27870,3210,27880,20000,2800,1900
35030,2940,35030,20000,2820,1900
36040,2650,36040,20000,2840,1900
30150,2500,30150,20000,2860,1900
30560,1140,30560,20000,2880,1900
25850,330,25850,20000,2900,1900
30660,330,30660,20000,2920,1900
28890,120,28890,20000,2940,1900
26230,360,26230,20000,3080,1900
19000,1110,19000,20000,3100,1900
18280,4030,18280,20000,3140,1900
28570,1130,28570,20000,3220,1900
38550,430,38550,20000,3240,1900
29590,530,29590,20000,3260,1900
24680,1190,24680,20000,3280,1900
20600,3190,20600,20000,3300,1900
11400,1510,11400,20000,3320,1900
3260,430,3260,20000,3360,1900
12220,390,12230,20000,3380,1900
11120,290,11120,20000,3400,1900
8070,310,8070,20000,3420,1900
5890,50,5890,20000,3440,1900
20150,3900,20160,20000,4200,1900
30020,4320,30030,20000,4220,1900
12810,2460,12830,20000,4800,1900
9560,760,9570,20000,4820,1900
9630,1850,9640,20000,4840,1900
8790,2670,8790,20000,4860,1900
16480,680,16520,20000,5320,1900
17560,260,17600,20000,5340,1900
17880,290,17890,20000,5360,1900
21680,390,21690,20000,5380,1900
25490,670,25490,20000,5400,1900
16160,290,16160,20000,5420,1900
1570,190,1580,20000,5720,1900
36080,1950,36090,20000,2800,1880
34000,460,34010,20000,2820,1880
39080,870,39080,20000,2840,1880
31290,1090,31290,20000,2880,1880
28030,530,28030,20000,2900,1880
26790,690,26790,20000,2920,1880
28650,120,28650,20000,2940,1880
12990,1290,12990,20000,3080,1880
22670,1540,22670,20000,3100,1880
31910,1920,31910,20000,3140,1880
34660,2090,34660,20000,3160,1880
31270,1970,31270,20000,3240,1880
26260,1330,26260,20000,3260,1880
32230,940,32230,20000,3280,1880
13540,3270,13550,20000,3320,1880
9910,2270,9920,20000,3360,1880
8750,250,8750,20000,3380,1880
11780,170,11780,20000,3400,1880
10100,140,10100,20000,3420,1880
26100,2270,26100,20000,4200,1880
23370,1100,23380,20000,4220,1880
2850,70,2860,20000,4800,1880
6480,520,6490,20000,4820,1880
14280,1630,14290,20000,4840,1880
12040,3440,12050,20000,4860,1880
7910,240,7940,20000,5320,1880
92360,160,92400,20000,5340,1880
24240,250,24250,20000,5360,1880
19930,350,19930,20000,5380,1880
9910,530,9910,20000,5420,1880
33660,2300,33660,20000,2840,1860
31730,3820,31730,20000,2860,1860
31040,1560,31040,20000,2920,1860
25870,470,25870,20000,2940,1860
29540,1160,29540,20000,2960,1860
33860,3250,33860,20000,2980,1860
24800,1040,24800,20000,3080,1860
28310,3090,28310,20000,3100,1860
29720,1950,29720,20000,3160,1860
27310,3910,27310,20000,3180,1860
20750,3440,20750,20000,3200,1860
28800,3260,28800,20000,3220,1860
33090,3410,33090,20000,3240,1860
33900,1620,33900,20000,3260,1860
30900,1720,30900,20000,3280,1860
10740,450,10740,20000,3340,1860
NA,NA,NA,20000,3820,1860
23770,670,23780,20000,4200,1860
17120,2360,17130,20000,4220,1860
24660,530,24660,20000,4240,1860
17360,2030,17360,20000,4260,1860
11680,470,11700,20000,4280,1860
6340,1830,6350,20000,4880,1860
2620,210,2640,20000,5240,1860
2010,70,2030,20000,5260,1860
13200,220,13210,20000,5360,1860
5870,810,5870,20000,5400,1860
9810,610,9820,20000,5420,1860
30430,3680,30440,20000,2840,1840
32230,2680,32230,20000,2860,1840
34260,1730,34260,20000,2900,1840
31220,350,31220,20000,2920,1840
33480,200,33480,20000,2940,1840
29900,3640,29900,20000,2960,1840
22340,450,22340,20000,3080,1840
22090,1200,22090,20000,3100,1840
30680,4650,30680,20000,3120,1840
24750,2720,24750,20000,3180,1840
18080,3120,18080,20000,3200,1840
27010,2910,27010,20000,3220,1840
24120,3150,24120,20000,3240,1840
34270,2730,34270,20000,3260,1840
32300,2330,32300,20000,3280,1840
25160,1220,25160,20000,3300,1840
19300,3290,19300,20000,3320,1840
10880,1480,10880,20000,3340,1840
17360,1580,17380,20000,4200,1840
25900,2160,25920,20000,4240,1840
10650,2150,10670,20000,4260,1840
6760,930,6770,20000,4280,1840
22900,9330,22920,20000,4880,1840
7420,5020,7420,20000,4920,1840
6540,610,6550,20000,5240,1840
31250,140,31300,20000,5260,1840
6820,320,6840,20000,5360,1840
16180,700,16190,20000,5380,1840
23000,310,23010,20000,5400,1840
7750,710,7760,20000,5420,1840
28320,3250,28320,20000,2800,1820
22250,11030,22250,20000,2820,1820
27560,4600,27560,20000,2860,1820
32910,1990,32920,20000,2880,1820
34840,770,34840,20000,2900,1820
37550,4160,37550,20000,2960,1820
28660,4970,28660,20000,3160,1820
26620,4580,26620,20000,3220,1820
11930,1430,11930,20000,3240,1820
21150,1410,21150,20000,3260,1820
31800,5550,31800,20000,3280,1820
27290,1430,27290,20000,3300,1820
29090,1950,29090,20000,3320,1820
22170,4340,22170,20000,3340,1820
13940,530,13940,20000,3400,1820
7810,130,7820,20000,3420,1820
NA,NA,NA,20000,3700,1820
6920,1540,6920,20000,3720,1820
35170,900,35190,20000,4200,1820
26150,600,26180,20000,4220,1820
9340,2170,9380,20000,4840,1820
36160,6330,36210,20000,4860,1820
2240,370,2240,20000,4880,1820
1900,150,1910,20000,5240,1820
7240,820,7260,20000,5280,1820
2430,250,2450,20000,5300,1820
11920,560,11940,20000,5440,1820
5180,180,5180,20000,5460,1820
800,0,800,20000,5700,1820
13070,4050,13070,20000,2800,1800
8550,4350,8550,20000,2820,1800
27240,10550,27240,20000,2880,1800
31630,4720,31640,20000,2900,1800
19520,3520,19520,20000,2960,1800
20200,6190,20200,20000,2980,1800
15590,480,15590,20000,3160,1800
14160,1940,14160,20000,3180,1800
11260,980,11260,20000,3220,1800
6620,110,6620,20000,3240,1800
25470,3820,25470,20000,3280,1800
29540,4370,29540,20000,3300,1800
17600,2120,17600,20000,3340,1800
9530,640,9530,20000,3400,1800
6600,130,6600,20000,3420,1800
5160,310,5170,20000,3560,1800
2130,70,2130,20000,3580,1800
23650,1590,23660,20000,4200,1800
24350,520,24360,20000,4220,1800
13400,1120,13400,20000,4280,1800
3790,450,3810,20000,4840,1800
6110,1170,6130,20000,4860,1800
1700,480,1700,20000,4880,1800
5130,200,5160,20000,5240,1800
4910,820,4930,20000,5260,1800
36370,260,36380,20000,5440,1800
13000,640,13000,20000,5460,1800
50,0,50,20000,5800,1800
14920,5290,14920,20000,2800,1780
11050,2690,11050,20000,2820,1780
13010,4940,13010,20000,2840,1780
13760,6770,13760,20000,2860,1780
23470,11760,23470,20000,2880,1780
17440,8570,17440,20000,2900,1780
25580,12330,25580,20000,2920,1780
12820,3840,12820,20000,3000,1780
16480,5060,16480,20000,3020,1780
18110,1340,18110,20000,3040,1780
20760,5100,20760,20000,3060,1780
22180,3790,22180,20000,3120,1780
24990,3760,24990,20000,3140,1780
10500,2110,10500,20000,3240,1780
13110,4030,13110,20000,3260,1780
16500,5040,16500,20000,3280,1780
8380,1440,8380,20000,3400,1780
5050,210,5050,20000,3420,1780
15610,1130,15630,20000,4240,1780
5310,670,5310,20000,4260,1780
NA,NA,NA,20000,4280,1780
1970,140,2000,20000,5360,1780
1890,200,1910,20000,5380,1780
3380,200,3430,20000,5780,1780
4210,70,4250,20000,5800,1780
17020,3180,17040,20000,2800,1760
13110,3950,13110,20000,2820,1760
4140,940,4140,20000,2840,1760
4520,1940,4520,20000,2860,1760
17780,4810,17780,20000,2880,1760
22200,2900,22200,20000,2900,1760
21090,5820,21090,20000,2920,1760
27650,10750,27650,20000,2940,1760
24330,1240,24330,20000,3000,1760
31890,540,31890,20000,3020,1760
32550,560,32550,20000,3040,1760
34610,250,34620,20000,3060,1760
30100,1150,30100,20000,3120,1760
29820,900,29820,20000,3140,1760
8230,3340,8240,20000,3240,1760
8570,1390,8570,20000,3260,1760
11100,2620,11100,20000,3280,1760
11790,500,11790,20000,3300,1760
11360,2820,11370,20000,3320,1760
8700,1420,8700,20000,3360,1760
4470,250,4470,20000,3380,1760
1830,540,1830,20000,3400,1760
680,90,680,20000,3420,1760
9010,1340,9020,20000,5300,1760
6750,240,6800,20000,5360,1760
3540,170,3560,20000,5380,1760
NA,NA,NA,20000,5800,1760
11260,280,11260,20000,2800,1740
24660,1710,24660,20000,2820,1740
21580,1180,21580,20000,2840,1740
28570,3210,28570,20000,2860,1740
27330,1200,27330,20000,2880,1740
26440,1180,26440,20000,2900,1740
29900,1180,29900,20000,2920,1740
37940,2200,37940,20000,2940,1740
33040,880,33040,20000,2960,1740
35160,470,35170,20000,2980,1740
40550,2160,40550,20000,3040,1740
40070,700,40070,20000,3060,1740
33810,500,33820,20000,3080,1740
33850,680,33850,20000,3100,1740
35020,1020,35030,20000,3120,1740
33870,900,33870,20000,3140,1740
30320,1410,30320,20000,3160,1740
2600,1510,2600,20000,3180,1740
15950,10110,15950,20000,3200,1740
13470,7140,13470,20000,3220,1740
15800,4520,15800,20000,3240,1740
13140,2090,13150,20000,3260,1740
13580,3950,13580,20000,3280,1740
10120,290,10120,20000,3320,1740
10280,1110,10290,20000,3340,1740
13080,750,13080,20000,3360,1740
6600,250,6610,20000,3380,1740
6280,1700,6300,20000,4880,1740
4520,600,4560,20000,5220,1740
20470,330,20480,20000,5440,1740
2480,60,2480,20000,5460,1740
3900,200,3900,20000,2820,1720
12610,4440,12620,20000,2840,1720
23350,5400,23350,20000,2860,1720
23520,1250,23520,20000,2880,1720
19070,530,19070,20000,2900,1720
36870,1470,36870,20000,2920,1720
37400,490,37400,20000,2940,1720
39010,810,39020,20000,2960,1720
39950,640,39950,20000,2980,1720
31330,1820,31330,20000,3040,1720
28310,1250,28310,20000,3080,1720
18280,2080,18280,20000,3100,1720
19080,3090,19090,20000,3120,1720
18300,1010,18300,20000,3140,1720
11840,810,11840,20000,3160,1720
25280,5530,25280,20000,3180,1720
18570,4510,18570,20000,3240,1720
17540,5410,17540,20000,3260,1720
7840,970,7840,20000,3320,1720
13760,3710,13770,20000,3340,1720
830,440,830,20000,4740,1720
2440,1070,2450,20000,4820,1720
3750,380,3760,20000,4860,1720
NA,NA,NA,20000,5300,1720
11950,290,11960,20000,5440,1720
5500,70,5500,20000,5460,1720
NA,NA,NA,20000,5680,1720
35060,1220,35060,20000,2920,1700
30920,770,30920,20000,2940,1700
39940,1300,39940,20000,2960,1700
36340,340,36340,20000,2980,1700
27670,1010,27680,20000,3040,1700
28430,390,28430,20000,3060,1700
28030,680,28030,20000,3080,1700
25450,1460,25450,20000,3100,1700
35610,1180,35610,20000,3120,1700
29680,2530,29680,20000,3140,1700
13150,890,13150,20000,3160,1700
10810,2940,10810,20000,3280,1700
17430,1230,17430,20000,3340,1700
1180,240,1180,20000,4800,1700
NA,NA,NA,20000,5580,1700
36900,1860,36900,20000,2920,1680
24510,1460,24510,20000,2960,1680
32190,1270,32190,20000,2980,1680
26450,590,26450,20000,3040,1680
30860,1560,30870,20000,3060,1680
31480,570,31480,20000,3080,1680
21530,490,21530,20000,3100,1680
14810,1940,14810,20000,3120,1680
15820,4030,15820,20000,3180,1680
8350,2370,8350,20000,3300,1680
7240,860,7240,20000,3320,1680
16080,560,16080,20000,3340,1680
10450,2240,10450,20000,4600,1680
7070,1610,7100,20000,4740,1680
5130,1710,5140,20000,4820,1680
6410,2300,6430,20000,4840,1680
3180,110,3210,20000,5260,1680
2760,50,2780,20000,5660,1680
550,0,550,20000,5900,1680
38660,2180,38660,20000,2880,1660
27880,1670,27880,20000,2900,1660
28610,2310,28610,20000,2960,1660
26370,820,26370,20000,2980,1660
23180,1060,23180,20000,3000,1660
21780,990,21780,20000,3020,1660
27750,4940,27750,20000,3040,1660
33390,8340,33390,20000,3060,1660
6370,50,6380,20000,3120,1660
16890,4220,16890,20000,3160,1660
3200,1450,3200,20000,3180,1660
5030,700,5030,20000,3200,1660
4280,650,4280,20000,3220,1660
11340,3180,11350,20000,3260,1660
5150,140,5150,20000,3280,1660
16990,2800,17020,20000,4540,1660
8830,1660,8840,20000,4560,1660
21470,5930,21490,20000,4580,1660
8460,2270,8490,20000,4620,1660
2380,460,2390,20000,4640,1660
6070,2370,6080,20000,4680,1660
8040,1400,8050,20000,4780,1660
4370,2160,4380,20000,4840,1660
6410,120,6420,20000,5360,1660
3770,70,3790,20000,5380,1660
30970,4040,30970,20000,2880,1640
22410,5190,22410,20000,2900,1640
17610,3710,17620,20000,2920,1640
16490,7310,16490,20000,2940,1640
19720,4760,19730,20000,2960,1640
10150,1660,10160,20000,3020,1640
10320,400,10320,20000,3060,1640
10060,570,10060,20000,3120,1640
7080,1170,7090,20000,3140,1640
5430,370,5430,20000,3160,1640
4670,410,4670,20000,3180,1640
3850,390,3850,20000,3200,1640
11290,1340,11290,20000,3220,1640
5050,500,5050,20000,3240,1640
3460,130,3470,20000,3260,1640
960,320,960,20000,4520,1640
16390,2240,16410,20000,4540,1640
23880,4780,23900,20000,4560,1640
19000,4900,19020,20000,4620,1640
24800,4000,24810,20000,4740,1640
6760,290,6770,20000,5360,1640
10930,280,10960,20000,5380,1640
8480,1070,8480,20000,2860,1620
13890,6430,13890,20000,2920,1620
9580,3340,9590,20000,2940,1620
8670,290,8670,20000,3160,1620
3300,480,3300,20000,3180,1620
4260,690,4270,20000,3200,1620
7450,1610,7460,20000,3220,1620
18060,2840,18070,20000,4540,1620
17980,2630,17990,20000,4560,1620
30490,3890,30530,20000,4640,1620
19160,1910,19180,20000,4660,1620
14950,4160,14950,20000,4680,1620
2130,480,2130,20000,4780,1620
NA,NA,NA,20000,5340,1620
8100,100,8130,20000,5380,1620
14220,1170,14230,20000,5440,1620
8530,290,8550,20000,5460,1620
16970,6650,16970,20000,2880,1600
18830,10660,18830,20000,2900,1600
14590,6600,14590,20000,2920,1600
6040,1690,6040,20000,2940,1600
10180,470,10190,20000,3160,1600
7720,530,7720,20000,3180,1600
850,250,850,20000,3200,1600
4930,2470,4930,20000,3220,1600
660,100,660,20000,4560,1600
17100,4530,17110,20000,4600,1600
12190,1150,12210,20000,4620,1600
21650,960,21690,20000,4640,1600
20600,6730,20600,20000,4680,1600
18650,5520,18650,20000,4700,1600
28440,6890,28450,20000,4760,1600
3530,80,3550,20000,5360,1600
5500,220,5530,20000,5380,1600
3970,290,3970,20000,5440,1600
4390,2050,4390,20000,2920,1580
25540,6160,25550,20000,4680,1580
9380,1690,9390,20000,4700,1580
24610,3410,24620,20000,4720,1580
16020,4740,16030,20000,4760,1580
6280,870,6280,20000,4680,1560
9060,1140,9060,20000,4720,1560
NA,NA,NA,20000,4700,1540
13770,2400,13770,20000,4720,1540
NA,NA,NA,20000,5480,1540
820,20,840,20000,1800,1520
2000,600,2000,20000,4720,1520
7380,1020,7390,20000,4740,1520
1330,60,1390,20000,1800,1500
910,30,940,20000,1820,1500
3580,30,3600,20000,5780,1500
2360,70,2360,20000,5540,1480
4980,100,5030,20000,5760,1480
9650,180,9710,20000,5780,1480
NA,NA,NA,20000,5540,1460
10190,1800,10190,20000,5600,1460
11260,50,11340,20000,5720,1460
2340,10,2350,20000,5740,1460
NA,NA,NA,20000,5760,1460
NA,NA,NA,20000,5600,1420
1020,60,1030,20000,1600,1100
70,0,70,20000,1620,1040
NA,NA,NA,20000,1640,1040
1690,40,1690,20000,1680,1040
1520,50,1520,20000,1700,1040
80,0,80,20000,1540,1020
4860,810,4860,20000,1560,1020
NA,NA,NA,20000,1640,1020
1740,120,1740,20000,1680,1020
1010,70,1020,20000,1720,1020
1420,30,1420,20000,1700,1000
2100,100,2100,20000,1800,980
3470,90,3470,20000,1800,960
1670,40,1670,20000,1940,960
NA,NA,NA,20000,1780,940
2750,40,2750,20000,1800,940
NA,NA,NA,40000,4800,5320
NA,NA,NA,40000,4880,5320
NA,NA,NA,40000,5000,5320
NA,NA,NA,40000,5040,5320
450,0,450,40000,5080,5320
NA,NA,NA,40000,4800,5280
350,0,350,40000,4880,5280
480,0,480,40000,4960,5280
860,0,860,40000,5000,5280
NA,NA,NA,40000,5080,5280
NA,NA,NA,40000,4760,5240
1860,0,1860,40000,4800,5240
NA,NA,NA,40000,4920,5240
NA,NA,NA,40000,5080,5240
NA,NA,NA,40000,4640,5200
NA,NA,NA,40000,4680,5200
NA,NA,NA,40000,4720,5200
430,0,430,40000,4760,5200
NA,NA,NA,40000,4840,5200
NA,NA,NA,40000,4880,5200
460,0,460,40000,4920,5200
NA,NA,NA,40000,4600,5160
NA,NA,NA,40000,4640,5160
NA,NA,NA,40000,4680,5160
NA,NA,NA,40000,4720,5160
NA,NA,NA,40000,4920,5160
NA,NA,NA,40000,5000,5160
NA,NA,NA,40000,4600,5120
NA,NA,NA,40000,4640,5120
NA,NA,NA,40000,4680,5120
NA,NA,NA,40000,4840,5120
NA,NA,NA,40000,4920,5120
NA,NA,NA,40000,5000,5120
NA,NA,NA,40000,4520,5080
NA,NA,NA,40000,4560,5080
NA,NA,NA,40000,4600,5080
NA,NA,NA,40000,4640,5080
NA,NA,NA,40000,4680,5080
210,0,210,40000,4880,5080
NA,NA,NA,40000,4920,5080
NA,NA,NA,40000,4960,5080
NA,NA,NA,40000,4520,5040
NA,NA,NA,40000,4560,5040
NA,NA,NA,40000,4600,5040
NA,NA,NA,40000,4720,5040
NA,NA,NA,40000,4760,5040
290,0,290,40000,4800,5040
NA,NA,NA,40000,4840,5040
NA,NA,NA,40000,4880,5040
250,0,250,40000,4920,5040
NA,NA,NA,40000,4960,5040
NA,NA,NA,40000,4440,5000
NA,NA,NA,40000,4480,5000
NA,NA,NA,40000,4520,5000
280,0,280,40000,4560,5000
540,0,540,40000,4600,5000
NA,NA,NA,40000,4760,5000
500,0,500,40000,4800,5000
230,0,230,40000,4840,5000
260,0,260,40000,4880,5000
NA,NA,NA,40000,4920,5000
490,0,490,40000,4960,5000
NA,NA,NA,40000,5000,5000
740,0,740,40000,5040,5000
630,0,630,40000,5080,5000
NA,NA,NA,40000,5120,5000
NA,NA,NA,40000,4440,4960
NA,NA,NA,40000,4520,4960
NA,NA,NA,40000,4760,4960
140,0,140,40000,4800,4960
310,0,310,40000,4840,4960
370,0,370,40000,4880,4960
490,0,490,40000,4920,4960
540,0,540,40000,4960,4960
730,0,730,40000,5000,4960
400,0,400,40000,5040,4960
710,0,710,40000,5080,4960
1040,0,1040,40000,5120,4960
NA,NA,NA,40000,4480,4920
NA,NA,NA,40000,4520,4920
260,0,260,40000,4560,4920
NA,NA,NA,40000,4800,4920
520,0,520,40000,4840,4920
NA,NA,NA,40000,4880,4920
NA,NA,NA,40000,4920,4920
910,0,910,40000,4960,4920
NA,NA,NA,40000,5000,4920
NA,NA,NA,40000,5040,4920
930,0,930,40000,5080,4920
440,0,440,40000,5120,4920
NA,NA,NA,40000,5160,4920
NA,NA,NA,40000,4480,4880
NA,NA,NA,40000,4520,4880
NA,NA,NA,40000,4560,4880
NA,NA,NA,40000,4720,4880
NA,NA,NA,40000,4800,4880
NA,NA,NA,40000,4840,4880
NA,NA,NA,40000,4880,4880
1580,0,1580,40000,4920,4880
780,0,780,40000,4960,4880
NA,NA,NA,40000,5000,4880
840,0,840,40000,5040,4880
NA,NA,NA,40000,5080,4880
NA,NA,NA,40000,5160,4880
1790,0,1790,40000,5200,4880
1090,0,1090,40000,4440,4840
880,0,880,40000,4480,4840
450,0,450,40000,4520,4840
NA,NA,NA,40000,4760,4840
NA,NA,NA,40000,4800,4840
370,0,370,40000,4840,4840
NA,NA,NA,40000,4880,4840
NA,NA,NA,40000,4920,4840
5420,1400,5420,40000,4960,4840
NA,NA,NA,40000,5000,4840
1640,0,1640,40000,5040,4840
NA,NA,NA,40000,5080,4840
1160,0,1160,40000,5120,4840
1420,0,1420,40000,5160,4840
230,0,230,40000,5200,4840
NA,NA,NA,40000,4400,4800
NA,NA,NA,40000,4440,4800
NA,NA,NA,40000,4480,4800
550,0,550,40000,4520,4800
900,0,900,40000,4800,4800
1780,0,1780,40000,4840,4800
NA,NA,NA,40000,4880,4800
NA,NA,NA,40000,4920,4800
8200,1080,8200,40000,4960,4800
NA,NA,NA,40000,5000,4800
760,0,760,40000,5040,4800
NA,NA,NA,40000,5080,4800
370,0,370,40000,5120,4800
1090,0,1090,40000,5160,4800
NA,NA,NA,40000,5200,4800
NA,NA,NA,40000,4400,4760
5130,370,5130,40000,4440,4760
NA,NA,NA,40000,4480,4760
NA,NA,NA,40000,4640,4760
NA,NA,NA,40000,4680,4760
NA,NA,NA,40000,4720,4760
NA,NA,NA,40000,4800,4760
7240,1250,7240,40000,4840,4760
NA,NA,NA,40000,4880,4760
NA,NA,NA,40000,5000,4760
NA,NA,NA,40000,5040,4760
NA,NA,NA,40000,5080,4760
NA,NA,NA,40000,5120,4760
NA,NA,NA,40000,5160,4760
NA,NA,NA,40000,5200,4760
NA,NA,NA,40000,4400,4720
NA,NA,NA,40000,4440,4720
1590,0,1590,40000,4480,4720
NA,NA,NA,40000,4520,4720
270,0,270,40000,4640,4720
NA,NA,NA,40000,4680,4720
110,0,110,40000,4720,4720
NA,NA,NA,40000,4760,4720
450,0,450,40000,4800,4720
7980,970,7980,40000,4840,4720
NA,NA,NA,40000,5000,4720
12260,1130,12260,40000,5040,4720
NA,NA,NA,40000,5080,4720
NA,NA,NA,40000,5120,4720
NA,NA,NA,40000,5160,4720
1370,0,1370,40000,5200,4720
470,0,470,40000,5240,4720
NA,NA,NA,40000,4400,4680
930,0,930,40000,4440,4680
1130,0,1130,40000,4480,4680
NA,NA,NA,40000,4520,4680
NA,NA,NA,40000,4560,4680
NA,NA,NA,40000,4600,4680
NA,NA,NA,40000,4640,4680
NA,NA,NA,40000,4680,4680
240,0,240,40000,4720,4680
NA,NA,NA,40000,4760,4680
NA,NA,NA,40000,4800,4680
NA,NA,NA,40000,4840,4680
19420,2510,19420,40000,5000,4680
33410,4410,33410,40000,5040,4680
11800,3400,11800,40000,5080,4680
NA,NA,NA,40000,5120,4680
4270,670,4270,40000,5160,4680
3400,1450,3400,40000,5200,4680
NA,NA,NA,40000,5240,4680
230,0,230,40000,5280,4680
NA,NA,NA,40000,4360,4640
NA,NA,NA,40000,4400,4640
660,0,660,40000,4440,4640
NA,NA,NA,40000,4480,4640
NA,NA,NA,40000,4520,4640
360,0,360,40000,4600,4640
130,0,130,40000,4640,4640
660,0,660,40000,4680,4640
490,0,490,40000,4720,4640
490,0,490,40000,4760,4640
NA,NA,NA,40000,4800,4640
NA,NA,NA,40000,4840,4640
13710,1090,13710,40000,5000,4640
18690,5100,18690,40000,5040,4640
12250,2860,12250,40000,5080,4640
2800,1570,2800,40000,5120,4640
NA,NA,NA,40000,5160,4640
4380,1520,4380,40000,5200,4640
NA,NA,NA,40000,5240,4640
NA,NA,NA,40000,4320,4600
4680,290,4680,40000,4360,4600
3420,610,3420,40000,4400,4600
NA,NA,NA,40000,4440,4600
NA,NA,NA,40000,4480,4600
NA,NA,NA,40000,4520,4600
NA,NA,NA,40000,4560,4600
240,0,240,40000,4600,4600
300,0,300,40000,4640,4600
NA,NA,NA,40000,4680,4600
550,0,550,40000,4720,4600
NA,NA,NA,40000,4760,4600
NA,NA,NA,40000,4800,4600
9820,1220,9820,40000,4840,4600
15900,1670,15900,40000,4960,4600
29110,5260,29110,40000,5000,4600
31540,4210,31540,40000,5040,4600
13430,3020,13430,40000,5080,4600
23500,3620,23500,40000,5120,4600
14930,1060,14930,40000,5160,4600
NA,NA,NA,40000,5200,4600
10420,3900,10420,40000,5240,4600
5390,980,5390,40000,5280,4600
NA,NA,NA,40000,5320,4600
NA,NA,NA,40000,4320,4560
4690,770,4690,40000,4360,4560
8240,370,8240,40000,4400,4560
NA,NA,NA,40000,4480,4560
NA,NA,NA,40000,4520,4560
160,0,160,40000,4560,4560
NA,NA,NA,40000,4600,4560
NA,NA,NA,40000,4640,4560
NA,NA,NA,40000,4680,4560
NA,NA,NA,40000,4720,4560
6330,890,6330,40000,4760,4560
10110,1860,10110,40000,4800,4560
NA,NA,NA,40000,4840,4560
3470,1350,3470,40000,4920,4560
23320,2100,23320,40000,4960,4560
16030,1990,16030,40000,5000,4560
13840,1830,13840,40000,5040,4560
8240,1210,8240,40000,5080,4560
15890,2560,15890,40000,5120,4560
17450,950,17450,40000,5200,4560
NA,NA,NA,40000,5240,4560
6230,1630,6230,40000,5280,4560
NA,NA,NA,40000,5320,4560
NA,NA,NA,40000,5360,4560
NA,NA,NA,40000,4240,4520
NA,NA,NA,40000,4280,4520
NA,NA,NA,40000,4320,4520
20130,880,20130,40000,4360,4520
8340,510,8340,40000,4400,4520
NA,NA,NA,40000,4440,4520
NA,NA,NA,40000,4520,4520
NA,NA,NA,40000,4560,4520
NA,NA,NA,40000,4600,4520
NA,NA,NA,40000,4640,4520
NA,NA,NA,40000,4680,4520
NA,NA,NA,40000,4720,4520
NA,NA,NA,40000,4760,4520
NA,NA,NA,40000,4800,4520
18820,3490,18820,40000,4920,4520
25260,3030,25260,40000,4960,4520
20400,3200,20400,40000,5000,4520
NA,NA,NA,40000,5040,4520
4680,680,4680,40000,5080,4520
6880,960,6880,40000,5120,4520
9670,810,9670,40000,5160,4520
12540,2290,12540,40000,5200,4520
6870,910,6870,40000,5240,4520
6910,990,6910,40000,5320,4520
NA,NA,NA,40000,5360,4520
620,0,620,40000,4200,4480
1980,240,1980,40000,4240,4480
9350,520,9350,40000,4320,4480
21800,870,21800,40000,4360,4480
NA,NA,NA,40000,4400,4480
NA,NA,NA,40000,4440,4480
NA,NA,NA,40000,4480,4480
NA,NA,NA,40000,4520,4480
3170,810,3170,40000,4560,4480
NA,NA,NA,40000,4600,4480
2240,960,2240,40000,4640,4480
NA,NA,NA,40000,4680,4480
7700,2130,7700,40000,4720,4480
3460,1300,3460,40000,4760,4480
11660,1590,11660,40000,4880,4480
49660,3450,49660,40000,4960,4480
20960,2580,20960,40000,5000,4480
8600,1430,8600,40000,5040,4480
6910,1030,6910,40000,5080,4480
7290,690,7290,40000,5120,4480
8780,1220,8780,40000,5160,4480
5350,640,5350,40000,5200,4480
3590,420,3590,40000,5240,4480
5240,1550,5240,40000,5280,4480
8720,2180,8720,40000,5320,4480
NA,NA,NA,40000,4200,4440
NA,NA,NA,40000,4240,4440
8290,510,8290,40000,4280,4440
15520,1200,15520,40000,4320,4440
NA,NA,NA,40000,4360,4440
540,0,540,40000,4400,4440
210,0,210,40000,4440,4440
NA,NA,NA,40000,4480,4440
11990,4210,11990,40000,4520,4440
5630,3270,5630,40000,4560,4440
NA,NA,NA,40000,4600,4440
2680,900,2680,40000,4640,4440
5260,1570,5260,40000,4680,4440
5080,1480,5080,40000,4720,4440
15340,1510,15340,40000,4880,4440
26090,3230,26090,40000,4920,4440
39990,4110,39990,40000,4960,4440
5630,1560,5630,40000,5040,4440
8430,1280,8430,40000,5080,4440
11630,1380,11630,40000,5120,4440
9850,780,9850,40000,5160,4440
8320,1040,8320,40000,5200,4440
11000,2210,11000,40000,5240,4440
6720,770,6720,40000,5280,4440
7070,2180,7070,40000,5320,4440
2150,780,2150,40000,5360,4440
NA,NA,NA,40000,4120,4400
9980,280,9980,40000,4160,4400
6240,360,6240,40000,4200,4400
NA,NA,NA,40000,4240,4400
NA,NA,NA,40000,4280,4400
6070,390,6070,40000,4320,4400
NA,NA,NA,40000,4360,4400
620,0,620,40000,4400,4400
NA,NA,NA,40000,4480,4400
7920,3420,7920,40000,4520,4400
NA,NA,NA,40000,4560,4400
NA,NA,NA,40000,4600,4400
NA,NA,NA,40000,4640,4400
NA,NA,NA,40000,4680,4400
NA,NA,NA,40000,4720,4400
16680,2180,16680,40000,4880,4400
33850,6640,33850,40000,4920,4400
22920,2730,22920,40000,4960,4400
11500,3610,11500,40000,5000,4400
6990,840,6990,40000,5040,4400
5130,500,5130,40000,5080,4400
7170,230,7170,40000,5120,4400
NA,NA,NA,40000,5160,4400
8100,1670,8100,40000,5200,4400
9660,3130,9660,40000,5240,4400
3000,880,3000,40000,5280,4400
12260,2430,12260,40000,5320,4400
NA,NA,NA,40000,4080,4360
3410,120,3410,40000,4120,4360
NA,NA,NA,40000,4160,4360
2520,0,2520,40000,4200,4360
1100,0,1100,40000,4240,4360
NA,NA,NA,40000,4280,4360
NA,NA,NA,40000,4320,4360
7100,1050,7100,40000,4360,4360
NA,NA,NA,40000,4400,4360
NA,NA,NA,40000,4440,4360
NA,NA,NA,40000,4480,4360
NA,NA,NA,40000,4520,4360
NA,NA,NA,40000,4560,4360
NA,NA,NA,40000,4600,4360
NA,NA,NA,40000,4640,4360
NA,NA,NA,40000,4680,4360
14960,2250,14960,40000,4920,4360
9340,3410,9340,40000,5000,4360
11020,2550,11020,40000,5040,4360
11890,1110,11890,40000,5080,4360
7450,370,7450,40000,5120,4360
8590,990,8590,40000,5160,4360
6530,940,6530,40000,5200,4360
3030,580,3030,40000,5240,4360
2630,710,2630,40000,5280,4360
NA,NA,NA,40000,5320,4360
NA,NA,NA,40000,4040,4320
5200,80,5200,40000,4080,4320
5030,260,5030,40000,4120,4320
NA,NA,NA,40000,4160,4320
870,0,870,40000,4200,4320
4650,0,4650,40000,4240,4320
NA,NA,NA,40000,4280,4320
5760,250,5760,40000,4320,4320
NA,NA,NA,40000,4360,4320
NA,NA,NA,40000,4400,4320
NA,NA,NA,40000,4440,4320
NA,NA,NA,40000,4520,4320
180,0,180,40000,4560,4320
NA,NA,NA,40000,4600,4320
3020,670,3020,40000,4640,4320
5440,710,5440,40000,4680,4320
11500,440,11500,40000,4920,4320
18900,3170,18900,40000,4960,4320
11890,2310,11890,40000,5040,4320
13490,1090,13490,40000,5080,4320
9400,390,9400,40000,5120,4320
6140,510,6140,40000,5160,4320
7960,1950,7960,40000,5200,4320
12460,670,12460,40000,5240,4320
18260,1660,18260,40000,5280,4320
1410,190,1410,40000,4040,4280
NA,NA,NA,40000,4080,4280
NA,NA,NA,40000,4120,4280
NA,NA,NA,40000,4160,4280
NA,NA,NA,40000,4200,4280
NA,NA,NA,40000,4240,4280
NA,NA,NA,40000,4280,4280
NA,NA,NA,40000,4320,4280
NA,NA,NA,40000,4360,4280
580,0,580,40000,4400,4280
NA,NA,NA,40000,4440,4280
NA,NA,NA,40000,4480,4280
NA,NA,NA,40000,4520,4280
6430,2580,6430,40000,4680,4280
18540,850,18540,40000,4920,4280
37560,2460,37560,40000,4960,4280
45150,3390,45150,40000,5000,4280
30240,4410,30240,40000,5040,4280
23530,1950,23530,40000,5080,4280
36300,2520,36300,40000,5120,4280
34550,3490,34550,40000,5160,4280
17580,3130,17580,40000,5240,4280
NA,NA,NA,40000,5280,4280
4540,210,4540,40000,4040,4240
NA,NA,NA,40000,4080,4240
NA,NA,NA,40000,4120,4240
4360,210,4360,40000,4160,4240
NA,NA,NA,40000,4280,4240
NA,NA,NA,40000,4320,4240
NA,NA,NA,40000,4360,4240
810,0,810,40000,4400,4240
510,0,510,40000,4440,4240
NA,NA,NA,40000,4480,4240
960,0,960,40000,4520,4240
NA,NA,NA,40000,4600,4240
12500,3070,12500,40000,4640,4240
4580,1260,4580,40000,4680,4240
19230,910,19230,40000,4920,4240
21920,1150,21920,40000,4960,4240
43240,5330,43240,40000,5040,4240
18730,1460,18730,40000,5080,4240
42320,4590,42320,40000,5120,4240
22150,3730,22150,40000,5200,4240
NA,NA,NA,40000,5240,4240
NA,NA,NA,40000,4000,4200
2880,160,2880,40000,4040,4200
NA,NA,NA,40000,4080,4200
3130,270,3130,40000,4120,4200
1770,100,1770,40000,4160,4200
NA,NA,NA,40000,4200,4200
8850,330,8850,40000,4240,4200
NA,NA,NA,40000,4280,4200
14760,380,14760,40000,4320,4200
6240,370,6240,40000,4360,4200
NA,NA,NA,40000,4400,4200
NA,NA,NA,40000,4440,4200
NA,NA,NA,40000,4480,4200
NA,NA,NA,40000,4520,4200
4680,950,4680,40000,4560,4200
2270,540,2270,40000,4600,4200
NA,NA,NA,40000,4640,4200
4320,1180,4320,40000,4680,4200
12720,1630,12720,40000,4920,4200
35850,2810,35850,40000,4960,4200
21060,1630,21060,40000,5120,4200
9530,560,9530,40000,5160,4200
NA,NA,NA,40000,4000,4160
10130,170,10130,40000,4040,4160
NA,NA,NA,40000,4080,4160
5010,100,5010,40000,4120,4160
NA,NA,NA,40000,4200,4160
7260,340,7260,40000,4240,4160
NA,NA,NA,40000,4280,4160
13140,320,13140,40000,4320,4160
40550,1890,40550,40000,4360,4160
16700,140,16700,40000,4400,4160
680,0,680,40000,4440,4160
NA,NA,NA,40000,4480,4160
NA,NA,NA,40000,4520,4160
5610,1740,5610,40000,4560,4160
10810,3430,10810,40000,4600,4160
7370,2120,7370,40000,4640,4160
10530,4400,10530,40000,4680,4160
8710,2190,8710,40000,4720,4160
NA,NA,NA,40000,4760,4160
7140,1730,7140,40000,4840,4160
2140,890,2140,40000,4880,4160
NA,NA,NA,40000,4920,4160
9250,1870,9250,40000,4960,4160
20180,1960,20180,40000,5000,4160
23920,3120,23920,40000,5040,4160
18780,3070,18780,40000,5080,4160
NA,NA,NA,40000,5320,4160
3400,110,3400,40000,4040,4120
3700,110,3700,40000,4080,4120
1750,50,1750,40000,4120,4120
NA,NA,NA,40000,4200,4120
NA,NA,NA,40000,4240,4120
NA,NA,NA,40000,4280,4120
14100,640,14100,40000,4320,4120
11880,930,11880,40000,4360,4120
21280,500,21280,40000,4400,4120
790,0,790,40000,4440,4120
NA,NA,NA,40000,4480,4120
NA,NA,NA,40000,4520,4120
NA,NA,NA,40000,4560,4120
8680,2340,8680,40000,4600,4120
21330,7290,21330,40000,4640,4120
15010,2870,15010,40000,4680,4120
30030,4480,30030,40000,4720,4120
23200,8640,23200,40000,4760,4120
2340,820,2340,40000,4880,4120
NA,NA,NA,40000,5000,4120
2640,1270,2640,40000,5120,4120
NA,NA,NA,40000,5160,4120
26220,2280,26240,40000,5200,4120
42400,5330,42410,40000,5240,4120
22760,6220,22780,40000,5280,4120
NA,NA,NA,40000,4040,4080
3640,130,3640,40000,4080,4080
400,0,400,40000,4120,4080
NA,NA,NA,40000,4200,4080
NA,NA,NA,40000,4240,4080
9670,680,9670,40000,4280,4080
11060,1230,11060,40000,4320,4080
30030,1240,30030,40000,4360,4080
9530,250,9530,40000,4400,4080
NA,NA,NA,40000,4440,4080
9530,2170,9530,40000,4480,4080
NA,NA,NA,40000,4520,4080
NA,NA,NA,40000,4560,4080
4410,1180,4410,40000,4600,4080
14500,3670,14500,40000,4640,4080
30950,4450,30950,40000,4760,4080
12210,1650,12210,40000,4800,4080
NA,NA,NA,40000,5080,4080
33750,5280,33790,40000,5120,4080
34750,4490,34790,40000,5160,4080
45610,4930,45620,40000,5240,4080
6780,4330,6780,40000,5280,4080
10350,180,10350,40000,4040,4040
NA,NA,NA,40000,4080,4040
NA,NA,NA,40000,4120,4040
NA,NA,NA,40000,4160,4040
NA,NA,NA,40000,4200,4040
3410,220,3410,40000,4240,4040
7690,470,7690,40000,4280,4040
15510,1050,15510,40000,4320,4040
39940,2740,39940,40000,4360,4040
12100,760,12100,40000,4400,4040
8780,2490,8780,40000,4440,4040
17890,6800,17890,40000,4520,4040
5720,2160,5720,40000,4560,4040
45960,9560,45960,40000,4640,4040
42100,7720,42100,40000,4680,4040
32470,4050,32470,40000,4720,4040
12340,2140,12340,40000,4760,4040
NA,NA,NA,40000,4800,4040
6020,3880,6030,40000,5040,4040
25300,9560,25320,40000,5080,4040
34920,6170,34950,40000,5120,4040
32420,9190,32430,40000,5160,4040
56100,2050,56110,40000,5200,4040
45390,5780,45410,40000,5240,4040
28140,9530,28170,40000,5280,4040
12520,280,12520,40000,4040,4000
NA,NA,NA,40000,4080,4000
NA,NA,NA,40000,4120,4000
NA,NA,NA,40000,4160,4000
NA,NA,NA,40000,4200,4000
8450,820,8450,40000,4280,4000
25330,1980,25330,40000,4320,4000
28550,1900,28550,40000,4360,4000
11460,1130,11460,40000,4400,4000
7730,2220,7730,40000,4440,4000
17240,7300,17240,40000,4480,4000
9520,4100,9520,40000,4520,4000
14200,3170,14200,40000,4560,4000
23710,6040,23710,40000,4640,4000
29970,10220,29970,40000,4680,4000
23880,6480,23880,40000,4720,4000
14350,2890,14350,40000,4760,4000
620,0,620,40000,4800,4000
NA,NA,NA,40000,5000,4000
20060,10250,20080,40000,5040,4000
19010,7140,19030,40000,5080,4000
26960,6260,26980,40000,5160,4000
44040,7410,44070,40000,5200,4000
44860,12020,44880,40000,5240,4000
22850,3720,22860,40000,5320,4000
26270,130,26270,40000,4040,3960
NA,NA,NA,40000,4080,3960
660,0,660,40000,4120,3960
NA,NA,NA,40000,4160,3960
NA,NA,NA,40000,4200,3960
NA,NA,NA,40000,4240,3960
NA,NA,NA,40000,4280,3960
NA,NA,NA,40000,4320,3960
7100,1190,7100,40000,4360,3960
9400,2550,9400,40000,4400,3960
11100,5400,11100,40000,4440,3960
NA,NA,NA,40000,4480,3960
9730,4280,9730,40000,4520,3960
12490,5190,12490,40000,4560,3960
16100,2990,16100,40000,4600,3960
12360,2610,12360,40000,4640,3960
30020,6970,30020,40000,4680,3960
16550,4410,16550,40000,4720,3960
12510,5580,12510,40000,5000,3960
4540,2610,4550,40000,5120,3960
14920,2600,14930,40000,5160,3960
32200,4690,32230,40000,5240,3960
NA,NA,NA,40000,4040,3920
NA,NA,NA,40000,4080,3920
NA,NA,NA,40000,4120,3920
NA,NA,NA,40000,4160,3920
NA,NA,NA,40000,4200,3920
NA,NA,NA,40000,4240,3920
26310,7360,26310,40000,4400,3920
38830,7650,38830,40000,4440,3920
57180,11840,57180,40000,4480,3920
19940,5680,19940,40000,4560,3920
NA,NA,NA,40000,4720,3920
3200,1300,3200,40000,5000,3920
24060,5360,24070,40000,5160,3920
43580,5310,43610,40000,5240,3920
8510,1490,8520,40000,5360,3920
NA,NA,NA,40000,4080,3880
5430,310,5430,40000,4120,3880
5810,170,5810,40000,4160,3880
2390,100,2390,40000,4200,3880
22900,7640,22900,40000,4560,3880
19520,9510,19520,40000,4600,3880
17540,6730,17540,40000,4640,3880
23020,5790,23020,40000,4680,3880
NA,NA,NA,40000,4720,3880
8820,1450,8820,40000,4840,3880
NA,NA,NA,40000,5000,3880
13080,2140,13090,40000,5040,3880
23800,3720,23830,40000,5160,3880
12170,4040,12170,40000,4400,3840
11670,2680,11670,40000,4440,3840
14770,2600,14770,40000,4480,3840
17550,3800,17550,40000,4520,3840
23710,4540,23710,40000,4560,3840
20850,7840,20850,40000,4600,3840
14730,3190,14730,40000,4640,3840
14100,3090,14100,40000,4680,3840
NA,NA,NA,40000,4720,3840
5930,1360,5930,40000,4840,3840
28340,4580,28350,40000,5000,3840
30310,2730,30330,40000,5040,3840
40170,4440,40210,40000,5080,3840
NA,NA,NA,40000,5120,3840
6060,700,6070,40000,5160,3840
16430,4170,16450,40000,5400,3840
27280,4000,27280,40000,4280,3800
NA,NA,NA,40000,4360,3800
NA,NA,NA,40000,4400,3800
23340,4560,23340,40000,4440,3800
11840,1630,11840,40000,4480,3800
10100,1300,10100,40000,4520,3800
13550,2820,13550,40000,4560,3800
21900,3280,21900,40000,4600,3800
13190,2950,13190,40000,4640,3800
NA,NA,NA,40000,4680,3800
6020,1830,6020,40000,4720,3800
36350,8250,36350,40000,4800,3800
37250,5880,37280,40000,5000,3800
72210,5960,72250,40000,5080,3800
54510,1230,54560,40000,5120,3800
37310,1650,37370,40000,5160,3800
33300,4310,33340,40000,5200,3800
37180,5550,37230,40000,5240,3800
46710,4510,46780,40000,5280,3800
48050,9460,48120,40000,5360,3800
39440,4890,39440,40000,4240,3760
53610,9110,53610,40000,4320,3760
NA,NA,NA,40000,4360,3760
15620,1750,15620,40000,4480,3760
13430,3230,13430,40000,4520,3760
16390,3200,16390,40000,4560,3760
11370,2150,11370,40000,4600,3760
4360,640,4360,40000,4640,3760
15920,2150,15920,40000,4680,3760
25020,3390,25020,40000,4720,3760
NA,NA,NA,40000,4800,3760
56040,5840,56060,40000,5040,3760
63260,3550,63280,40000,5080,3760
110760,1350,110820,40000,5120,3760
NA,NA,NA,40000,5160,3760
81370,10510,81410,40000,5200,3760
20030,3460,20040,40000,5400,3760
55300,4380,55300,40000,4200,3720
44730,7850,44730,40000,4320,3720
NA,NA,NA,40000,4400,3720
31310,3800,31310,40000,4480,3720
9950,2710,9950,40000,4520,3720
13350,2560,13350,40000,4560,3720
14510,1140,14510,40000,4600,3720
8540,2090,8540,40000,4640,3720
36490,2410,36490,40000,4680,3720
25720,4280,25720,40000,4720,3720
NA,NA,NA,40000,4960,3720
55790,2390,55820,40000,5000,3720
72790,5360,72790,40000,5080,3720
89590,2680,89590,40000,5120,3720
106250,900,106250,40000,5160,3720
88810,3420,88810,40000,5200,3720
38390,4120,38450,40000,5320,3720
1580,0,1580,40000,4440,3680
52460,3920,52460,40000,4480,3680
15050,1390,15050,40000,4520,3680
18520,4260,18520,40000,4560,3680
14170,1160,14170,40000,4600,3680
15250,2530,15250,40000,4640,3680
18170,670,18170,40000,4680,3680
NA,NA,NA,40000,4720,3680
55560,2730,55560,40000,5000,3680
62690,3220,62690,40000,5040,3680
64330,2820,64330,40000,5120,3680
106790,5430,106790,40000,5160,3680
80930,4370,80930,40000,5200,3680
47720,7550,47720,40000,5320,3680
12110,4000,12110,40000,5360,3680
68190,7570,68190,40000,4200,3640
37070,4690,37070,40000,4320,3640
3810,300,3810,40000,4360,3640
16870,1410,16870,40000,4400,3640
36690,4850,36690,40000,4440,3640
71140,5160,71140,40000,4480,3640
56920,4920,56920,40000,4560,3640
71820,5940,71820,40000,5040,3640
94690,9150,94690,40000,5120,3640
102120,6520,102120,40000,5160,3640
86980,5800,86980,40000,5200,3640
39140,4640,39140,40000,5280,3640
17600,3540,17600,40000,5320,3640
24090,1640,24090,40000,4320,3600
13920,790,13920,40000,4360,3600
36400,2450,36400,40000,4480,3600
93230,11970,93230,40000,4520,3600
2960,0,2960,40000,5000,3600
47080,4900,47080,40000,5040,3600
36200,3970,36200,40000,5080,3600
79320,9170,79320,40000,5120,3600
67060,1110,67060,40000,5160,3600
50880,1500,50880,40000,5200,3600
25860,1870,25860,40000,5280,3600
NA,NA,NA,40000,5320,3600
27820,1640,27820,40000,4200,3560
73510,9750,73510,40000,4280,3560
31510,2300,31520,40000,4360,3560
62640,4120,62650,40000,4440,3560
NA,NA,NA,40000,4520,3560
NA,NA,NA,40000,4560,3560
25410,1340,25410,40000,4600,3560
NA,NA,NA,40000,4640,3560
61530,320,61530,40000,5120,3560
97780,3040,97780,40000,5160,3560
79610,1700,79610,40000,5200,3560
40100,5020,40100,40000,5280,3560
NA,NA,NA,40000,5320,3560
37880,2950,37890,40000,4320,3520
37290,4350,37300,40000,4360,3520
48860,2250,48860,40000,4400,3520
70140,2420,70140,40000,4440,3520
42170,1260,42190,40000,4800,3520
33820,670,33840,40000,4840,3520
6130,650,6140,40000,4960,3520
7550,450,7550,40000,5000,3520
15560,550,15560,40000,5040,3520
52820,3230,52820,40000,5200,3520
20920,3280,20920,40000,5240,3520
13290,2970,13290,40000,5280,3520
9350,1240,9350,40000,4440,3480
46660,1780,46690,40000,4720,3480
59100,1930,59140,40000,4800,3480
59650,1640,59710,40000,4840,3480
70700,480,70740,40000,4880,3480
66220,4610,66260,40000,4920,3480
11600,400,11610,40000,5200,3480
41100,1670,41110,40000,4640,3440
74480,7710,74530,40000,4680,3440
45940,1020,45990,40000,4800,3440
60540,1060,60590,40000,4840,3440
107170,290,107220,40000,4880,3440
87620,1870,87660,40000,4920,3440
108290,2130,108370,40000,5160,3440
28500,1870,28530,40000,4600,3400
76830,610,76870,40000,4800,3400
42160,330,42190,40000,4840,3400
86390,820,86480,40000,5160,3400
4830,520,4840,40000,5240,3400
NA,NA,NA,40000,4000,3360
37460,1140,37460,40000,4040,3360
68800,3170,68830,40000,4760,3360
100400,1070,100450,40000,4800,3360
85080,770,85140,40000,4840,3360
114450,390,114530,40000,4880,3360
107080,770,107150,40000,4920,3360
95850,1450,95890,40000,4960,3360
114590,820,114650,40000,5160,3360
71560,1990,71640,40000,5200,3360
NA,NA,NA,40000,5240,3360
NA,NA,NA,40000,3960,3320
74640,3580,74640,40000,4000,3320
93140,3580,93140,40000,4080,3320
75960,3260,75980,40000,4600,3320
92320,2800,92370,40000,4640,3320
55580,2120,55620,40000,4680,3320
107240,1360,107280,40000,4800,3320
86100,980,86150,40000,4840,3320
80230,370,80270,40000,4880,3320
82420,520,82490,40000,4920,3320
115170,740,115230,40000,4960,3320
103120,770,103210,40000,5000,3320
63880,1400,63940,40000,5080,3320
NA,NA,NA,40000,3920,3280
80510,2980,80510,40000,3960,3280
50830,2580,50830,40000,4000,3280
96750,2560,96750,40000,4080,3280
84310,1900,84340,40000,4600,3280
67180,4900,67250,40000,4640,3280
49120,2280,49170,40000,4680,3280
55180,190,55220,40000,4720,3280
74980,1350,75010,40000,4760,3280
93290,690,93330,40000,4800,3280
98540,160,98580,40000,4840,3280
118590,210,118680,40000,4880,3280
93170,520,93240,40000,4920,3280
90340,690,90460,40000,4960,3280
92330,300,92470,40000,5000,3280
67750,4610,67820,40000,5040,3280
50540,1260,50600,40000,5080,3280
85170,870,85270,40000,5120,3280
18090,1790,18110,40000,5240,3280
16630,570,16630,40000,3920,3240
40340,3370,40340,40000,3960,3240
64980,10170,64980,40000,4000,3240
92190,1270,92190,40000,4080,3240
78920,1580,78960,40000,4720,3240
122220,3780,122270,40000,4760,3240
110180,1040,110230,40000,4800,3240
102370,600,102460,40000,4840,3240
85390,1320,85470,40000,4880,3240
125420,1030,125520,40000,4920,3240
106770,530,106870,40000,4960,3240
86070,420,86220,40000,5000,3240
91610,510,91730,40000,5120,3240
100290,1100,100530,40000,5160,3240
NA,NA,NA,40000,3880,3200
47000,1310,47000,40000,3920,3200
75620,2110,75620,40000,4040,3200
69360,2510,69400,40000,4720,3200
108050,120,108110,40000,4760,3200
122390,870,122440,40000,4800,3200
111770,750,111840,40000,4840,3200
107900,280,108040,40000,4880,3200
80680,700,80770,40000,4920,3200
72820,1010,72920,40000,4960,3200
75540,280,75640,40000,5000,3200
NA,NA,NA,40000,3840,3160
63290,1050,63290,40000,3880,3160
80700,2160,80700,40000,3920,3160
70490,2760,70490,40000,3960,3160
83780,600,83850,40000,4760,3160
69860,740,69930,40000,4800,3160
71870,850,71920,40000,4840,3160
87090,400,87160,40000,4880,3160
74810,410,74900,40000,4920,3160
67460,940,67540,40000,4960,3160
55750,1430,55820,40000,5000,3160
26010,810,26100,40000,5040,3160
105460,720,106000,40000,5160,3160
100050,1020,100360,40000,5240,3160
50850,350,50980,40000,5280,3160
7120,0,7120,40000,3720,3120
NA,NA,NA,40000,3760,3120
68740,790,68740,40000,3800,3120
77520,950,77520,40000,3880,3120
49490,840,49490,40000,3920,3120
58450,710,58450,40000,3960,3120
70000,950,70000,40000,4000,3120
52300,1610,52360,40000,4680,3120
90790,1720,90870,40000,4720,3120
93810,1990,93900,40000,4760,3120
84630,1320,84750,40000,4800,3120
91320,1020,91380,40000,4840,3120
95190,380,95280,40000,4880,3120
74040,340,74150,40000,4920,3120
73620,1850,73690,40000,4960,3120
65440,1040,65500,40000,5000,3120
42740,590,42820,40000,5040,3120
89840,460,90140,40000,5120,3120
53980,440,54190,40000,5160,3120
59110,790,59450,40000,5200,3120
89870,870,90280,40000,5240,3120
79190,110,79320,40000,5280,3120
80470,2380,80470,40000,3720,3080
112880,1170,112880,40000,3760,3080
70180,1260,70180,40000,3960,3080
62990,1170,62990,40000,4000,3080
62540,5720,62600,40000,4720,3080
84800,1320,84880,40000,4760,3080
108460,630,108560,40000,4800,3080
81760,860,81830,40000,4840,3080
NA,NA,NA,40000,4880,3080
NA,NA,NA,40000,4920,3080
NA,NA,NA,40000,4960,3080
89220,870,89330,40000,5000,3080
53960,470,54210,40000,5120,3080
42250,330,42440,40000,5160,3080
45630,1470,45820,40000,5240,3080
96910,1090,96910,40000,3720,3040
120250,1210,120250,40000,3760,3040
89540,1820,89540,40000,3880,3040
47980,5780,47980,40000,4560,3040
65490,8350,65500,40000,4640,3040
86290,6030,86370,40000,4800,3040
100030,2870,100110,40000,4840,3040
NA,NA,NA,40000,4880,3040
NA,NA,NA,40000,4920,3040
18780,390,18830,40000,4960,3040
101220,470,101580,40000,5040,3040
69480,810,69750,40000,5080,3040
55640,310,56040,40000,5120,3040
52760,1410,53370,40000,5160,3040
20740,1320,20740,40000,3440,3000
NA,NA,NA,40000,3600,3000
49630,560,49630,40000,3640,3000
74970,1490,74970,40000,3680,3000
116440,2420,116440,40000,3720,3000
119760,2190,119760,40000,3760,3000
132970,1540,132970,40000,3800,3000
89080,1880,89090,40000,4560,3000
92080,1270,92080,40000,4600,3000
93110,540,93110,40000,4640,3000
98970,1450,98980,40000,4680,3000
86140,2200,86140,40000,4720,3000
80150,29390,80160,40000,4840,3000
94970,410,95010,40000,4880,3000
NA,NA,NA,40000,4920,3000
48810,520,48940,40000,4960,3000
34590,100,34830,40000,5000,3000
59520,530,60080,40000,5080,3000
54610,1380,55090,40000,5120,3000
58270,860,58750,40000,5160,3000
29640,780,29820,40000,5200,3000
16670,1280,16670,40000,3440,2960
NA,NA,NA,40000,3560,2960
71110,1940,71110,40000,3600,2960
105330,3920,105340,40000,3680,2960
127650,2780,127650,40000,3760,2960
110400,1680,110400,40000,3800,2960
123280,1050,123280,40000,3840,2960
72670,26590,72670,40000,4520,2960
68130,4190,68130,40000,4560,2960
85640,4860,85640,40000,4760,2960
80210,6400,80210,40000,4800,2960
60100,19350,60100,40000,4840,2960
NA,NA,NA,40000,4960,2960
50920,1800,50990,40000,5000,2960
39300,3020,39400,40000,5080,2960
42860,10350,42870,40000,5120,2960
36650,9180,36670,40000,5160,2960
17920,360,17970,40000,5200,2960
1510,0,1520,40000,5240,2960
52390,2600,52390,40000,3240,2920
53070,7540,53070,40000,3320,2920
83590,2340,83590,40000,3640,2920
90810,2780,90810,40000,3680,2920
103350,4860,103360,40000,3720,2920
83100,2020,83100,40000,3760,2920
80470,1190,80470,40000,3800,2920
103930,5730,103930,40000,3920,2920
87280,7630,87280,40000,3960,2920
79320,6860,79320,40000,4000,2920
79760,5130,79770,40000,4640,2920
81490,5410,81490,40000,4680,2920
70390,5690,70400,40000,4760,2920
67410,1270,67410,40000,4800,2920
92970,2010,92980,40000,4840,2920
31610,5600,31610,40000,4920,2920
27820,4010,27820,40000,4960,2920
NA,NA,NA,40000,5000,2920
38840,11620,38840,40000,5040,2920
53260,15360,53270,40000,5080,2920
55250,5750,55260,40000,5120,2920
57480,10360,57490,40000,5160,2920
NA,NA,NA,40000,5200,2920
NA,NA,NA,40000,5520,2920
NA,NA,NA,40000,3200,2880
45680,4630,45680,40000,3240,2880
65760,4690,65760,40000,3440,2880
99470,2040,99470,40000,3640,2880
42720,1640,42720,40000,3720,2880
54320,1050,54320,40000,3760,2880
104400,3180,104410,40000,3800,2880
96800,3470,96800,40000,3920,2880
88410,3630,88410,40000,3960,2880
97740,4850,97740,40000,4720,2880
93930,2780,93940,40000,4760,2880
78630,9280,78640,40000,4840,2880
53630,18710,53640,40000,4880,2880
33040,3650,33050,40000,4920,2880
41280,5620,41280,40000,4960,2880
NA,NA,NA,40000,5000,2880
21130,5000,21130,40000,5040,2880
24110,8840,24120,40000,5080,2880
66500,5240,66520,40000,5120,2880
88530,4060,88560,40000,5160,2880
NA,NA,NA,40000,5200,2880
27160,1510,27480,40000,5480,2880
104300,2310,106330,40000,5520,2880
107120,2210,108810,40000,5560,2880
51440,5650,51440,40000,3240,2840
99290,3580,99290,40000,3640,2840
106600,4090,106600,40000,3680,2840
58790,3120,58790,40000,3760,2840
113450,5980,113450,40000,3800,2840
114620,1650,114620,40000,3840,2840
124360,2750,124360,40000,3880,2840
80610,2260,80610,40000,3920,2840
85660,6490,85660,40000,3960,2840
109860,8160,109870,40000,4040,2840
72710,8940,72710,40000,4840,2840
NA,NA,NA,40000,4880,2840
61080,3780,61100,40000,4920,2840
47710,10080,47720,40000,4960,2840
56100,8710,56120,40000,5000,2840
64870,6650,64890,40000,5040,2840
88150,4080,88230,40000,5160,2840
44610,1230,44900,40000,5280,2840
32200,280,32570,40000,5320,2840
NA,NA,NA,40000,5400,2840
29310,150,29360,40000,5440,2840
74160,610,75320,40000,5480,2840
90490,410,93300,40000,5560,2840
NA,NA,NA,40000,5600,2840
7060,840,7060,40000,3280,2800
45870,4640,45880,40000,3320,2800
118410,1680,118410,40000,3640,2800
113120,5430,113120,40000,3840,2800
106800,3420,106800,40000,3880,2800
89290,4110,89290,40000,3920,2800
73090,4410,73090,40000,3960,2800
90470,8410,90480,40000,4000,2800
27510,5950,27510,40000,4080,2800
72820,3560,72830,40000,4840,2800
NA,NA,NA,40000,4880,2800
124060,1570,124080,40000,4920,2800
82200,8540,82230,40000,4960,2800
62030,4810,62070,40000,5000,2800
41920,3390,41970,40000,5080,2800
58590,1650,58730,40000,5200,2800
69880,600,70220,40000,5320,2800
70880,880,71310,40000,5360,2800
65450,150,65710,40000,5400,2800
49030,1770,49150,40000,5440,2800
31810,590,32150,40000,5480,2800
68420,500,69770,40000,5520,2800
60760,810,62320,40000,5640,2800
NA,NA,NA,40000,5680,2800
3460,770,3460,40000,3320,2760
101690,3840,101700,40000,3600,2760
112830,2720,112830,40000,3640,2760
76910,2840,76910,40000,3680,2760
47750,1710,47750,40000,3720,2760
82050,3410,82050,40000,3760,2760
87400,7430,87400,40000,3840,2760
65230,6820,65230,40000,3920,2760
104380,18830,104390,40000,4840,2760
107200,3260,107210,40000,4880,2760
107570,2150,107600,40000,4920,2760
47050,3930,47070,40000,4960,2760
62670,1720,62710,40000,5000,2760
97970,3610,98020,40000,5040,2760
73940,940,74580,40000,5200,2760
85040,290,86310,40000,5360,2760
81960,2330,83020,40000,5400,2760
26550,970,26700,40000,5440,2760
45500,1420,45560,40000,5480,2760
35140,350,35570,40000,5520,2760
102430,1250,104400,40000,5560,2760
89690,1600,91310,40000,5600,2760
89680,400,91170,40000,5640,2760
56940,520,57610,40000,5680,2760
NA,NA,NA,40000,3360,2720
18650,910,18650,40000,3680,2720
35840,2030,35840,40000,3720,2720
85780,5410,85780,40000,3760,2720
63270,8490,63270,40000,3920,2720
93810,7000,93820,40000,3960,2720
97920,7320,97950,40000,4840,2720
79150,3130,79200,40000,4880,2720
72830,4710,72860,40000,4920,2720
86830,2570,86870,40000,4960,2720
53570,1060,53600,40000,5000,2720
100440,1940,100520,40000,5040,2720
106600,2530,106620,40000,5080,2720
133890,16030,133900,40000,5120,2720
79470,1610,80240,40000,5240,2720
81340,2070,82350,40000,5320,2720
59670,1840,60400,40000,5440,2720
77410,1010,77570,40000,5480,2720
63250,1550,63520,40000,5520,2720
43660,50,44920,40000,5560,2720
69660,200,71150,40000,5600,2720
96280,330,97570,40000,5640,2720
68030,270,68870,40000,5680,2720
NA,NA,NA,40000,3360,2680
82130,6850,82130,40000,3400,2680
101240,3380,101240,40000,3640,2680
112720,3650,112730,40000,3680,2680
110730,7880,110730,40000,3760,2680
71610,5850,71610,40000,3840,2680
95180,6950,95190,40000,3880,2680
70600,5150,70600,40000,4040,2680
19060,4310,19060,40000,4360,2680
75690,5500,75730,40000,4800,2680
101090,1840,101130,40000,4840,2680
53230,4370,53250,40000,4880,2680
71580,2030,71620,40000,4920,2680
101790,1810,101820,40000,4960,2680
111280,3380,111300,40000,5080,2680
123320,10610,123340,40000,5120,2680
108750,7070,108840,40000,5160,2680
108640,2720,109550,40000,5200,2680
79720,330,80670,40000,5240,2680
39450,650,39500,40000,5280,2680
49500,980,49930,40000,5320,2680
104650,2290,105740,40000,5360,2680
103680,1720,104880,40000,5400,2680
88890,1730,89210,40000,5480,2680
67150,1410,67580,40000,5520,2680
42310,410,42880,40000,5560,2680
61490,130,62480,40000,5600,2680
104390,3070,105290,40000,5680,2680
22720,2390,22720,40000,3400,2640
108430,12540,108430,40000,3440,2640
76220,4140,76220,40000,3640,2640
97770,6450,97780,40000,3720,2640
96040,3980,96040,40000,3800,2640
89270,2260,89270,40000,3840,2640
86390,3050,86390,40000,3880,2640
83130,3940,83140,40000,3920,2640
69000,4520,69000,40000,4000,2640
24210,4750,24210,40000,4360,2640
25780,5500,25780,40000,4400,2640
15550,2710,15550,40000,4480,2640
53550,2040,53610,40000,4800,2640
58610,2760,58680,40000,4840,2640
41130,3080,41160,40000,4880,2640
103750,2850,103800,40000,4920,2640
107850,4010,107940,40000,4960,2640
127300,1790,127330,40000,5120,2640
57810,520,58650,40000,5240,2640
50780,340,50910,40000,5280,2640
63700,790,63960,40000,5320,2640
115740,840,117100,40000,5360,2640
85820,2410,86510,40000,5400,2640
83140,4770,83430,40000,5440,2640
75040,3920,75190,40000,5480,2640
83500,1250,84060,40000,5520,2640
35440,770,35810,40000,5560,2640
51060,240,51420,40000,5600,2640
111180,9180,112390,40000,5680,2640
NA,NA,NA,40000,5720,2640
NA,NA,NA,40000,5760,2640
28470,14200,28520,40000,5800,2640
NA,NA,NA,40000,5840,2640
116630,4360,116630,40000,3840,2600
98440,5470,98440,40000,3880,2600
44770,3280,44770,40000,4000,2600
6000,2030,6000,40000,4200,2600
45620,5020,45630,40000,4360,2600
30460,5180,30470,40000,4480,2600
56260,2450,56310,40000,4840,2600
78570,2640,78630,40000,4880,2600
80770,1050,80820,40000,4920,2600
82890,2820,82930,40000,5000,2600
57890,1970,57940,40000,5040,2600
77230,5980,77310,40000,5080,2600
117510,1230,117960,40000,5120,2600
126000,3830,126610,40000,5160,2600
73790,3330,74380,40000,5200,2600
47740,610,48590,40000,5240,2600
50010,410,50520,40000,5280,2600
63120,1120,63780,40000,5320,2600
75350,1350,75720,40000,5400,2600
71640,1310,71820,40000,5440,2600
51160,410,51210,40000,5480,2600
36680,450,36740,40000,5520,2600
NA,NA,NA,40000,5560,2600
73570,340,74770,40000,5600,2600
144650,2330,145630,40000,5640,2600
122090,2600,122820,40000,5680,2600
73370,1260,73940,40000,5720,2600
19130,3690,19220,40000,5800,2600
44390,1180,44390,40000,3440,2560
65270,5460,65270,40000,3640,2560
108430,4660,108430,40000,3720,2560
42820,6130,42820,40000,3960,2560
28450,1810,28450,40000,4040,2560
14950,1180,14950,40000,4160,2560
15770,2090,15780,40000,4240,2560
13040,1900,13050,40000,4280,2560
27470,2430,27480,40000,4320,2560
19390,1030,19400,40000,4360,2560
26750,1040,26750,40000,4440,2560
9990,720,10000,40000,4480,2560
25070,4480,25090,40000,4520,2560
16400,2480,16460,40000,4600,2560
70030,1490,70090,40000,4840,2560
72670,4270,72700,40000,4880,2560
72720,2540,72770,40000,4920,2560
59230,700,59250,40000,5000,2560
47900,560,48190,40000,5120,2560
118840,2160,119710,40000,5160,2560
99870,3070,100870,40000,5200,2560
33720,80,33870,40000,5280,2560
57590,800,57940,40000,5320,2560
NA,NA,NA,40000,5360,2560
NA,NA,NA,40000,5400,2560
52020,40,52740,40000,5440,2560
56260,480,56680,40000,5480,2560
62710,120,63690,40000,5520,2560
70030,360,72080,40000,5560,2560
115620,1500,116350,40000,5600,2560
135140,3430,136070,40000,5640,2560
146450,2890,147240,40000,5680,2560
154580,6920,155040,40000,5720,2560
111910,7740,112400,40000,5760,2560
NA,NA,NA,40000,5800,2560
NA,NA,NA,40000,1080,2520
NA,NA,NA,40000,1120,2520
2930,0,2940,40000,1160,2520
27600,1680,27610,40000,3440,2520
30890,650,30900,40000,4040,2520
16980,640,16980,40000,4080,2520
9920,440,9930,40000,4120,2520
15650,640,15660,40000,4160,2520
15500,1040,15530,40000,4200,2520
16990,800,17010,40000,4240,2520
25390,780,25400,40000,4280,2520
35760,410,35770,40000,4320,2520
33820,2820,33880,40000,4400,2520
29930,1140,29970,40000,4440,2520
64590,6230,65080,40000,5160,2520
94390,6910,94940,40000,5200,2520
48870,110,49110,40000,5240,2520
36400,210,36910,40000,5320,2520
55000,190,55820,40000,5360,2520
69960,110,71230,40000,5400,2520
58250,730,59140,40000,5480,2520
91730,470,93140,40000,5560,2520
114420,710,115590,40000,5600,2520
131040,1020,131780,40000,5640,2520
145420,3970,145860,40000,5680,2520
130220,3390,130710,40000,5720,2520
107090,1110,107300,40000,5760,2520
10800,280,10830,40000,1200,2480
17820,1440,17830,40000,3440,2480
39430,1870,39430,40000,4000,2480
41540,560,41540,40000,4040,2480
26610,1470,26620,40000,4080,2480
33110,360,33130,40000,4120,2480
53020,2680,53050,40000,4320,2480
45360,1000,45390,40000,4520,2480
3370,270,3370,40000,4560,2480
14140,4720,14190,40000,4640,2480
7790,2690,7800,40000,4680,2480
8040,1380,8040,40000,5040,2480
NA,NA,NA,40000,5200,2480
33260,90,33420,40000,5240,2480
42690,910,42980,40000,5280,2480
53650,360,54550,40000,5320,2480
59580,1710,60300,40000,5400,2480
102950,550,104460,40000,5440,2480
111670,710,113140,40000,5520,2480
72320,130,73280,40000,5560,2480
111420,570,112640,40000,5600,2480
NA,NA,NA,40000,5640,2480
127120,1610,127520,40000,5680,2480
133960,2480,134460,40000,5760,2480
NA,NA,NA,40000,5800,2480
NA,NA,NA,40000,2840,2440
NA,NA,NA,40000,2880,2440
11990,340,11990,40000,3440,2440
98050,6750,98050,40000,3760,2440
23710,940,23710,40000,4000,2440
15150,600,15150,40000,4040,2440
23550,620,23570,40000,4080,2440
111650,3150,111660,40000,4280,2440
45810,2850,45860,40000,4480,2440
14660,310,14710,40000,4600,2440
4160,1150,4170,40000,4640,2440
9360,1690,9360,40000,4680,2440
10080,840,10120,40000,4720,2440
4230,1470,4230,40000,4800,2440
3500,740,3510,40000,4880,2440
6430,960,6440,40000,4920,2440
2290,190,2300,40000,4960,2440
21770,500,21780,40000,5000,2440
NA,NA,NA,40000,5240,2440
NA,NA,NA,40000,5280,2440
84690,160,85510,40000,5320,2440
99690,540,100480,40000,5360,2440
96380,140,97790,40000,5400,2440
110120,770,111660,40000,5440,2440
138690,2220,139570,40000,5480,2440
140900,2460,141670,40000,5520,2440
120170,240,120730,40000,5560,2440
104560,1880,104730,40000,5600,2440
113640,800,113680,40000,5640,2440
130130,1480,130210,40000,5760,2440
NA,NA,NA,40000,5800,2440
NA,NA,NA,40000,2760,2400
28200,110,28240,40000,2800,2400
30860,770,30910,40000,2840,2400
53970,1540,54010,40000,2880,2400
35500,1120,35540,40000,2920,2400
24100,800,24110,40000,2960,2400
9930,400,9940,40000,3040,2400
NA,NA,NA,40000,3400,2400
22750,5550,22750,40000,3440,2400
17150,1580,17150,40000,3480,2400
97940,5820,97940,40000,3760,2400
30570,4190,30570,40000,4000,2400
27970,1170,27970,40000,4040,2400
51440,1770,51480,40000,4080,2400
63460,7220,63470,40000,4480,2400
20090,620,20100,40000,4600,2400
5880,1990,5880,40000,4640,2400
NA,NA,NA,40000,4680,2400
18910,3860,18940,40000,4720,2400
79140,920,79390,40000,5320,2400
146920,380,148310,40000,5360,2400
124160,450,125990,40000,5440,2400
128100,2050,128910,40000,5480,2400
127760,2070,128170,40000,5520,2400
135150,1040,135490,40000,5560,2400
99110,1140,99160,40000,5640,2400
37940,420,37950,40000,5760,2400
NA,NA,NA,40000,1280,2360
NA,NA,NA,40000,2760,2360
34030,330,34120,40000,2800,2360
57810,860,57860,40000,2840,2360
32750,1330,32780,40000,2920,2360
51900,1690,51920,40000,2960,2360
60630,930,60650,40000,3000,2360
9750,240,9750,40000,3160,2360
6410,110,6410,40000,3200,2360
7580,580,7580,40000,3400,2360
32440,2280,32440,40000,3480,2360
73710,9150,73720,40000,3520,2360
33310,2440,33310,40000,4040,2360
53470,9320,53500,40000,4080,2360
51660,9850,51690,40000,4480,2360
NA,NA,NA,40000,4680,2360
14080,3270,14100,40000,4720,2360
NA,NA,NA,40000,4760,2360
4800,1030,4800,40000,4800,2360
69050,530,69070,40000,5320,2360
90230,1720,90310,40000,5360,2360
134160,2330,134180,40000,5400,2360
NA,NA,NA,40000,5440,2360
126810,710,126830,40000,5480,2360
104720,1090,104750,40000,5520,2360
104000,920,104020,40000,5560,2360
61540,1150,61550,40000,5600,2360
49730,600,49750,40000,5680,2360
47650,950,47680,40000,5720,2360
7820,300,7830,40000,5760,2360
NA,NA,NA,40000,1280,2320
4000,30,4040,40000,2760,2320
14600,190,14650,40000,2800,2320
49540,870,49600,40000,2840,2320
53900,1360,53970,40000,2880,2320
28320,610,28340,40000,2920,2320
NA,NA,NA,40000,2960,2320
70180,1030,70180,40000,3000,2320
NA,NA,NA,40000,3040,2320
NA,NA,NA,40000,3080,2320
59450,1270,59460,40000,3120,2320
72260,950,72270,40000,3160,2320
17170,90,17190,40000,3240,2320
21470,1570,21480,40000,4040,2320
18630,450,18630,40000,4080,2320
7710,550,7780,40000,4160,2320
5780,740,5830,40000,4280,2320
9280,970,9310,40000,4520,2320
8630,1500,8680,40000,4720,2320
65960,1770,65980,40000,4800,2320
NA,NA,NA,40000,5320,2320
39970,1590,40010,40000,5360,2320
67030,4380,67050,40000,5400,2320
63060,450,63080,40000,5440,2320
66030,1340,66050,40000,5520,2320
44380,1180,44390,40000,5560,2320
24120,310,24140,40000,5600,2320
27010,1230,27030,40000,5640,2320
73420,3960,73440,40000,5680,2320
8830,80,8900,40000,2760,2280
23810,770,23920,40000,2800,2280
21240,340,21280,40000,2840,2280
21790,570,21810,40000,2880,2280
12550,840,12580,40000,2920,2280
21680,770,21690,40000,2960,2280
62720,270,62730,40000,3000,2280
56550,720,56550,40000,3040,2280
NA,NA,NA,40000,3080,2280
NA,NA,NA,40000,3120,2280
NA,NA,NA,40000,3160,2280
NA,NA,NA,40000,3200,2280
46060,1140,46070,40000,3240,2280
36880,2310,36920,40000,3320,2280
55340,1080,55360,40000,3360,2280
28490,4040,28490,40000,3720,2280
9620,760,9630,40000,4080,2280
9770,370,9850,40000,4120,2280
1970,170,1980,40000,4760,2280
9830,1190,9890,40000,4800,2280
NA,NA,NA,40000,4840,2280
2840,50,2860,40000,4880,2280
NA,NA,NA,40000,5360,2280
31720,2220,31720,40000,5400,2280
35020,3810,35020,40000,5440,2280
27160,770,27170,40000,5480,2280
38700,1410,38720,40000,5520,2280
31670,2020,31690,40000,5560,2280
66860,830,66890,40000,5600,2280
125900,3240,125960,40000,5640,2280
48230,1640,48240,40000,5720,2280
10600,3340,10610,40000,5760,2280
NA,NA,NA,40000,1280,2240
31750,200,32230,40000,2760,2240
46420,270,46650,40000,2800,2240
48810,320,48940,40000,2840,2240
25080,870,25370,40000,2880,2240
25650,360,25730,40000,2920,2240
NA,NA,NA,40000,2960,2240
94470,500,94480,40000,3000,2240
135500,1900,135510,40000,3040,2240
130850,1250,130850,40000,3080,2240
130670,2850,130670,40000,3120,2240
NA,NA,NA,40000,3160,2240
NA,NA,NA,40000,3200,2240
95710,930,95720,40000,3240,2240
63880,1210,63890,40000,3280,2240
75980,1640,75990,40000,3320,2240
70050,960,70060,40000,3360,2240
34910,1150,34910,40000,3400,2240
NA,NA,NA,40000,3440,2240
56980,940,56980,40000,3480,2240
71400,1780,71400,40000,3520,2240
32310,4180,32320,40000,3760,2240
7680,4000,7680,40000,3880,2240
4810,780,4810,40000,4040,2240
270,30,270,40000,4800,2240
NA,NA,NA,40000,4880,2240
NA,NA,NA,40000,5320,2240
61930,260,61930,40000,5360,2240
NA,NA,NA,40000,5400,2240
26800,1720,26810,40000,5440,2240
80550,3000,80560,40000,5560,2240
105420,2280,105430,40000,5600,2240
78260,4610,78280,40000,5640,2240
62150,2810,62170,40000,5680,2240
NA,NA,NA,40000,5720,2240
NA,NA,NA,40000,5760,2240
35800,140,36200,40000,2760,2200
56900,420,57390,40000,2840,2200
52980,1320,53630,40000,2920,2200
NA,NA,NA,40000,2960,2200
110540,3580,110550,40000,3000,2200
143210,4340,143210,40000,3040,2200
137310,1450,137310,40000,3080,2200
NA,NA,NA,40000,3120,2200
122470,300,122470,40000,3160,2200
NA,NA,NA,40000,3200,2200
60360,70,60370,40000,3240,2200
88070,1770,88080,40000,3360,2200
NA,NA,NA,40000,3400,2200
NA,NA,NA,40000,3440,2200
NA,NA,NA,40000,3480,2200
46830,2200,46840,40000,3520,2200
35220,5600,35220,40000,3640,2200
4930,1800,4930,40000,4000,2200
730,90,730,40000,4800,2200
1010,30,1010,40000,4840,2200
1270,20,1280,40000,4880,2200
1550,80,1560,40000,4920,2200
NA,NA,NA,40000,4960,2200
NA,NA,NA,40000,5320,2200
41330,720,41350,40000,5360,2200
36460,610,36460,40000,5400,2200
19370,550,19380,40000,5440,2200
50340,1920,50370,40000,5480,2200
38740,710,38750,40000,5520,2200
77160,1730,77240,40000,5560,2200
17120,820,17140,40000,5680,2200
14290,110,14590,40000,2760,2160
38590,730,39220,40000,2800,2160
69190,1930,69750,40000,2920,2160
94080,1720,94190,40000,2960,2160
132080,4550,132080,40000,3040,2160
92630,2230,92630,40000,3080,2160
114180,3330,114180,40000,3120,2160
102580,2170,102590,40000,3160,2160
66980,780,66980,40000,3200,2160
NA,NA,NA,40000,3240,2160
NA,NA,NA,40000,3280,2160
115950,6990,115950,40000,3360,2160
NA,NA,NA,40000,3400,2160
89240,920,89250,40000,3440,2160
38870,1180,38870,40000,3480,2160
32680,700,32690,40000,3520,2160
6910,460,6910,40000,4200,2160
1010,140,1020,40000,4320,2160
NA,NA,NA,40000,5360,2160
35660,90,35680,40000,5400,2160
13510,120,13570,40000,5440,2160
NA,NA,NA,40000,5480,2160
NA,NA,NA,40000,5520,2160
25220,450,25370,40000,5560,2160
33270,550,33430,40000,5600,2160
34730,2450,34750,40000,5680,2160
NA,NA,NA,40000,2720,2120
15990,80,16400,40000,2760,2120
20270,240,21090,40000,2800,2120
43640,1450,44150,40000,2840,2120
NA,NA,NA,40000,2920,2120
NA,NA,NA,40000,2960,2120
137880,4340,137890,40000,3000,2120
144770,4440,144770,40000,3040,2120
80500,1710,80500,40000,3080,2120
75560,1380,75570,40000,3120,2120
92810,2140,92820,40000,3160,2120
71760,500,71770,40000,3200,2120
NA,NA,NA,40000,3240,2120
97640,850,97640,40000,3280,2120
60850,370,60850,40000,3320,2120
109000,8870,109010,40000,3360,2120
89290,5780,89290,40000,3400,2120
102280,2260,102280,40000,3440,2120
122830,1700,122840,40000,3480,2120
68130,1860,68140,40000,3520,2120
23430,1810,23430,40000,4200,2120
42600,5530,42600,40000,4240,2120
5360,1130,5360,40000,4280,2120
NA,NA,NA,40000,4360,2120
13340,5250,13350,40000,4400,2120
38810,570,38830,40000,5400,2120
29130,680,29150,40000,5440,2120
7410,680,7420,40000,5480,2120
3450,590,3460,40000,5520,2120
32100,330,32190,40000,5560,2120
63410,350,63490,40000,5600,2120
27720,130,28280,40000,2720,2080
10090,130,10510,40000,2760,2080
25420,110,25850,40000,2800,2080
47250,3930,47680,40000,2840,2080
89350,3770,89490,40000,2880,2080
NA,NA,NA,40000,2920,2080
NA,NA,NA,40000,2960,2080
129610,400,129610,40000,3000,2080
136350,1260,136350,40000,3040,2080
115220,2610,115220,40000,3080,2080
100050,2010,100060,40000,3120,2080
NA,NA,NA,40000,3160,2080
NA,NA,NA,40000,3200,2080
NA,NA,NA,40000,3240,2080
NA,NA,NA,40000,3280,2080
52950,1070,52960,40000,3320,2080
91130,7060,91130,40000,3360,2080
95740,7550,95740,40000,3400,2080
109150,7160,109150,40000,3440,2080
94390,1460,94400,40000,3480,2080
11360,340,11360,40000,3720,2080
24010,1580,24010,40000,4240,2080
54530,9680,54550,40000,4600,2080
74160,7070,74240,40000,4720,2080
99110,15230,99140,40000,4760,2080
83810,1380,83840,40000,5440,2080
31200,690,31220,40000,5520,2080
22650,610,22680,40000,5560,2080
NA,NA,NA,40000,2680,2040
NA,NA,NA,40000,2720,2040
5880,60,6100,40000,2760,2040
28680,3310,28920,40000,2800,2040
65480,10030,65810,40000,2840,2040
51780,3030,51790,40000,2920,2040
54140,460,54150,40000,2960,2040
NA,NA,NA,40000,3000,2040
99550,1250,99560,40000,3040,2040
92770,710,92780,40000,3080,2040
52370,1300,52370,40000,3120,2040
78950,650,78950,40000,3160,2040
86850,1790,86860,40000,3200,2040
51420,2170,51420,40000,3240,2040
NA,NA,NA,40000,3280,2040
94970,3250,94970,40000,3320,2040
80790,480,80790,40000,3360,2040
83680,8910,83680,40000,3400,2040
4910,450,4910,40000,3640,2040
10780,1240,10780,40000,4240,2040
NA,NA,NA,40000,5240,2040
7410,280,7420,40000,5480,2040
2150,340,2150,40000,5600,2040
NA,NA,NA,40000,5640,2040
14340,110,14400,40000,2640,2000
40330,310,40590,40000,2680,2000
47210,350,47470,40000,2720,2000
15510,480,15710,40000,2760,2000
54430,3890,54640,40000,2800,2000
106480,1060,106490,40000,2920,2000
90670,6780,90680,40000,3000,2000
75140,2730,75150,40000,3040,2000
68910,3420,68920,40000,3080,2000
61460,780,61460,40000,3120,2000
57810,530,57810,40000,3160,2000
78100,5110,78110,40000,3200,2000
24230,2390,24230,40000,3280,2000
77340,2310,77340,40000,3320,2000
104460,2760,104460,40000,3360,2000
NA,NA,NA,40000,3400,2000
41800,3920,41810,40000,3440,2000
46610,2510,46620,40000,3480,2000
41320,1290,41330,40000,3520,2000
7920,1350,7920,40000,4240,2000
14070,4440,14110,40000,4600,2000
26240,550,26240,40000,5240,2000
35850,450,35890,40000,5320,2000
57920,200,57970,40000,5360,2000
7800,1690,7800,40000,5480,2000
310,0,310,40000,5520,2000
41970,250,42240,40000,2640,1960
83620,1140,83720,40000,2680,1960
81360,4610,81430,40000,2720,1960
115150,21150,115230,40000,2760,1960
110410,1830,110410,40000,2840,1960
116430,3090,116430,40000,2880,1960
138450,2050,138450,40000,2920,1960
77770,550,77780,40000,2960,1960
81680,10180,81680,40000,3000,1960
111330,4050,111330,40000,3200,1960
74490,2080,74490,40000,3240,1960
NA,NA,NA,40000,3280,1960
NA,NA,NA,40000,3320,1960
NA,NA,NA,40000,3360,1960
40300,1250,40300,40000,3400,1960
41490,2890,41500,40000,3440,1960
NA,NA,NA,40000,3520,1960
20460,2940,20470,40000,4160,1960
51520,7330,51540,40000,4200,1960
18260,700,18260,40000,4280,1960
36530,2560,36570,40000,4640,1960
9140,1330,9150,40000,5000,1960
11450,920,11450,40000,5240,1960
9910,390,9910,40000,5440,1960
3090,470,3090,40000,5480,1960
11630,190,11650,40000,5600,1960
12620,90,12660,40000,2640,1920
NA,NA,NA,40000,2680,1920
114580,7480,114700,40000,2720,1920
125260,6310,125260,40000,2880,1920
113000,1240,113000,40000,2920,1920
107530,2190,107530,40000,2960,1920
56920,2840,56920,40000,3000,1920
25620,2400,25620,40000,3040,1920
76770,14680,76770,40000,3080,1920
108360,1600,108360,40000,3240,1920
53320,1470,53320,40000,3280,1920
22600,1480,22600,40000,3320,1920
41090,550,41090,40000,3360,1920
22510,920,22520,40000,3400,1920
34270,360,34280,40000,3440,1920
112120,15480,112130,40000,4240,1920
38190,3990,38220,40000,4280,1920
32250,4780,32280,40000,4960,1920
5640,390,5650,40000,5200,1920
3000,440,3020,40000,5240,1920
22330,6170,22360,40000,5280,1920
25960,5190,25990,40000,5320,1920
100470,1380,100490,40000,5360,1920
18480,280,18480,40000,5400,1920
NA,NA,NA,40000,2640,1880
85590,2360,85620,40000,2680,1880
146010,10410,146040,40000,2720,1880
137420,6640,137460,40000,2760,1880
131010,6490,131010,40000,2960,1880
84640,4920,84640,40000,3000,1880
63930,1870,63930,40000,3040,1880
7600,780,7610,40000,3680,1880
4850,650,4850,40000,3720,1880
22280,2030,22280,40000,3800,1880
21670,3210,21680,40000,4160,1880
125350,18920,125400,40000,4240,1880
14790,1000,14800,40000,4280,1880
23290,3750,23370,40000,4760,1880
30580,3460,30760,40000,5000,1880
NA,NA,NA,40000,5040,1880
8140,140,8220,40000,5160,1880
24300,280,24340,40000,5200,1880
NA,NA,NA,40000,5240,1880
3100,210,3130,40000,5280,1880
7280,610,7310,40000,5440,1880
NA,NA,NA,40000,5480,1880
NA,NA,NA,40000,5520,1880
NA,NA,NA,40000,5560,1880
NA,NA,NA,40000,2640,1840
109410,680,109530,40000,2680,1840
145490,2080,145560,40000,2720,1840
136000,3170,136030,40000,2760,1840
117480,8650,117500,40000,2800,1840
101860,26280,101860,40000,3000,1840
90640,9290,90640,40000,3040,1840
22410,2930,22420,40000,3360,1840
62450,920,62450,40000,3400,1840
3960,700,3960,40000,3640,1840
50860,4750,50870,40000,3680,1840
48970,3320,48990,40000,3720,1840
19340,530,19350,40000,4160,1840
5830,400,5860,40000,4800,1840
NA,NA,NA,40000,5160,1840
14350,470,14400,40000,5200,1840
7190,490,7300,40000,5280,1840
4380,30,4420,40000,5320,1840
13210,480,13230,40000,5440,1840
NA,NA,NA,40000,5480,1840
NA,NA,NA,40000,5520,1840
3380,760,3380,40000,5560,1840
NA,NA,NA,40000,5640,1840
810,0,820,40000,5680,1840
NA,NA,NA,40000,5720,1840
NA,NA,NA,40000,2640,1800
NA,NA,NA,40000,2680,1800
143990,1360,144020,40000,2720,1800
128000,2610,128030,40000,2760,1800
110880,23580,110880,40000,2920,1800
110530,32730,110530,40000,3040,1800
42440,2790,42440,40000,3080,1800
79320,13070,79320,40000,3120,1800
46830,7030,46830,40000,3360,1800
6610,100,6620,40000,3440,1800
17220,680,17230,40000,4160,1800
68870,1760,68910,40000,4240,1800
19370,280,19450,40000,5320,1800
2780,430,2800,40000,5360,1800
58500,1130,58530,40000,5400,1800
49100,350,49140,40000,5480,1800
17370,350,17480,40000,5520,1800
NA,NA,NA,40000,5560,1800
NA,NA,NA,40000,5720,1800
19280,140,19380,40000,2640,1760
40210,330,40360,40000,2680,1760
NA,NA,NA,40000,2720,1760
70910,15200,70950,40000,2760,1760
66020,13430,66030,40000,2960,1760
100790,12680,100790,40000,3080,1760
96020,2620,96030,40000,3160,1760
59420,24430,59430,40000,3200,1760
3870,50,3880,40000,3440,1760
1130,260,1130,40000,3560,1760
20770,1880,20780,40000,4160,1760
37750,1990,37770,40000,4200,1760
27080,4770,27180,40000,4840,1760
16420,4920,16430,40000,4920,1760
5410,390,5440,40000,5240,1760
96280,990,96430,40000,5320,1760
6950,1020,6950,40000,5400,1760
16420,140,16430,40000,5440,1760
30600,260,30610,40000,5480,1760
18130,160,18150,40000,5520,1760
7960,290,8000,40000,5560,1760
NA,NA,NA,40000,5600,1760
NA,NA,NA,40000,5720,1760
NA,NA,NA,40000,2680,1720
19860,120,19940,40000,2720,1720
15510,1300,15540,40000,2760,1720
145170,2810,145170,40000,3000,1720
37920,1880,37970,40000,5240,1720
47350,800,47490,40000,5320,1720
13770,430,13830,40000,5360,1720
28150,610,28220,40000,5400,1720
NA,NA,NA,40000,5480,1720
2370,30,2370,40000,5520,1720
NA,NA,NA,40000,5560,1720
NA,NA,NA,40000,5600,1720
NA,NA,NA,40000,5640,1720
200,0,200,40000,5760,1720
NA,NA,NA,40000,5800,1720
45520,8920,45530,40000,2840,1680
135270,4230,135270,40000,2880,1680
135080,2850,135080,40000,3000,1680
12540,1310,12540,40000,3360,1680
1770,360,1770,40000,4560,1680
18540,4880,18570,40000,4760,1680
14210,140,14250,40000,5280,1680
52580,530,52760,40000,5320,1680
15460,180,15520,40000,5360,1680
17600,210,17650,40000,5400,1680
94470,420,94500,40000,5440,1680
15600,790,15620,40000,5480,1680
NA,NA,NA,40000,5600,1680
NA,NA,NA,40000,5680,1680
NA,NA,NA,40000,5760,1680
NA,NA,NA,40000,5800,1680
NA,NA,NA,40000,5840,1680
43890,1320,43890,40000,2840,1640
59130,1450,59140,40000,3080,1640
8470,2750,8490,40000,4800,1640
5080,30,5090,40000,5320,1640
65350,2420,65420,40000,5400,1640
9310,830,9330,40000,5440,1640
NA,NA,NA,40000,5600,1640
240,0,240,40000,5640,1640
NA,NA,NA,40000,5680,1640
NA,NA,NA,40000,5720,1640
1250,0,1250,40000,5760,1640
NA,NA,NA,40000,5840,1640
180,0,180,40000,5880,1640
9870,80,9920,40000,5920,1640
5890,690,5900,40000,2960,1600
8260,910,8260,40000,3080,1600
3670,660,3670,40000,3240,1600
73150,17950,73170,40000,4720,1600
14120,1380,14150,40000,5400,1600
4720,160,4730,40000,5480,1600
370,0,370,40000,5640,1600
NA,NA,NA,40000,5680,1600
NA,NA,NA,40000,5720,1600
NA,NA,NA,40000,5920,1600
8030,1060,8040,40000,4600,1560
NA,NA,NA,40000,5400,1560
NA,NA,NA,40000,5440,1560
4080,100,4100,40000,5480,1560
NA,NA,NA,40000,5840,1560
540,10,560,40000,1760,1520
1150,110,1160,40000,4480,1520
32030,9970,32040,40000,4760,1520
NA,NA,NA,40000,5840,1520
54530,2550,54650,40000,5560,1480
27850,1870,27940,40000,5600,1480
61590,2200,61760,40000,5640,1480
56460,730,56640,40000,5680,1480
58160,240,58300,40000,5720,1480
5230,110,5260,40000,5800,1480
15160,380,15200,40000,5560,1440
24550,2090,24650,40000,5640,1440
59730,1950,59930,40000,5680,1440
1970,110,1980,40000,1600,1120
8210,240,8210,40000,1720,1040
NA,NA,NA,40000,1960,1000
2450,230,2450,40000,2000,1000
8580,260,8580,40000,1760,960
1660,30,1660,40000,1960,960
NA,NA,NA,40000,1920,920
